id,system,subsystem,timestamp,y_axis,is_outlier,z_score
29eb116a-531d-422f-9a20-dc157532dfd4,System5,System5_1,2023-03-14 19:33:12+00:00,26.4264,True,5.051446756541262
c89149e7-956e-4d56-bdc8-70f93e51d4bc,System8,System8_1,2023-03-15 21:28:34+00:00,18.6234048,True,3.681551210882706
2a7d4e17-bb7d-45ba-9447-b3bd3393b1af,System8,System8_1,2023-03-16 02:59:44+00:00,18.6234048,True,3.681551210882706
0e9e2bb8-5c63-4bb8-bdd6-04e4ed121031,System8,System8_2,2023-03-16 16:04:05+00:00,38.4384,True,4.5402366582803815
e456362e-d8fd-4a09-85fe-1c799927d2d3,System8,System8_1,2023-03-16 22:17:18+00:00,18.018,True,3.401964396474141
b1a5421e-c9a0-44d5-83f9-0c326c1a6eee,System8,System8_1,2023-03-17 14:09:18+00:00,18.018,True,3.401964396474141
371739b8-f5b1-4aa4-8a4b-a71702b00e6f,System8,System8_2,2023-03-17 17:31:32+00:00,32.4324,True,3.399953410131867
15d8c6cc-7a27-4782-b043-278fb634fcae,System13,System13_1,2023-03-19 13:26:32+00:00,48.048,True,5.725940295029239
e7b90edb-97db-4997-b4c4-363369b0cbce,System8,System8_1,2023-03-19 14:14:30+00:00,18.6234048,True,3.681551210882706
7a114b79-ff6e-484c-96e7-62080d195138,System11,System11_2,2023-03-19 16:36:22.375000+00:00,130.1043744,True,6.092529757162168
28dacb42-0123-4083-ab54-5b8661a173ea,System11,System11_1,2023-03-19 16:36:22.875000+00:00,113.0761632,True,3.567029462089069
59995730-aaa0-4b91-901d-9ca0296a31d1,System6,System6_1,2023-03-20 18:48:19+00:00,383.1828,True,3.3752952142194306
86afa307-9a92-43f3-a8d3-e870a80a3b9f,System8,System8_2,2023-03-20 20:30:44+00:00,37.8426048,True,4.427120560064048
06b42775-3905-415f-8ef4-5f94d5777eff,System6,System6_2,2023-03-21 12:04:28+00:00,421.6212,True,3.3139748934732842
d1025faf-f86c-471e-97c8-8c09daf2b3bc,System6,System6_1,2023-03-22 17:27:26+00:00,421.6212,True,3.8930292677355984
9f0c9a7c-fa55-4d4b-bcf6-b2e7c9a0c8a2,System8,System8_1,2023-03-23 16:01:28+00:00,17.4222048,True,3.1268154680085676
ec2ff3af-2c0c-4cd6-b992-19fccfdad5ee,System6,System6_1,2023-03-25 10:46:26+00:00,421.6212,True,3.8930292677355984
fd830e00-d4aa-4ee3-b1c0-85246aebcb82,System8,System8_1,2023-03-25 12:28:57+00:00,18.6234048,True,3.681551210882706
fc02c106-a46c-4cd1-ba99-7441505fa5ca,System11,System11_1,2023-03-25 20:57:10.875000+00:00,114.6713568,True,3.6453352127643477
0d391e33-3f1c-440f-8a1d-683323ee37be,System13,System13_2,2023-03-29 13:05:59+00:00,28.8288,True,3.5363375882461248
9b33b1a3-8b5c-422e-8188-3ea79a531751,System6,System6_1,2023-03-31 23:52:24+00:00,383.1828,True,3.3752952142194306
0b23c3b0-9497-4861-b4d2-d3dff9ea7e8e,System4,System4_2,2023-04-05 12:28:02+00:00,4.372368000000001,True,3.8128967820973214
5f72714b-e97c-4453-83dd-4c3b8adce6f4,System4,System4_1,2023-04-05 12:28:02+00:00,4.8048,True,4.6135937667909435
c6e95086-2761-4787-9c82-25bd9c96946e,System11,System11_2,2023-04-08 22:55:36.875000+00:00,87.6876,True,3.3265788392859816
489bd40d-7613-4703-b97d-43ebca49a6be,System9,System9_1,2023-04-08 23:23:51+00:00,5909.904,True,3.111953296834139
501fd1d4-3d50-4aa8-a116-6d679fe4652a,System12,System12_3,2023-04-10 14:01:10+00:00,38.4384,True,3.739695247483456
b052e052-2cbc-4068-b53c-46354a8d619c,System11,System11_2,2023-04-12 19:03:18.875000+00:00,91.2143232,True,3.5565525562910922
350dfc21-52fb-4178-9042-4fc1a650876c,System6,System6_1,2023-04-19 10:11:16+00:00,421.6212,True,3.8930292677355984
1f81f073-c8e1-4753-8f12-bd02840f79ae,System4,System4_1,2023-04-19 15:11:29+00:00,3.84384,True,3.5312775277144013
3efc7860-274c-474e-923b-167a67cceaeb,System6,System6_2,2023-04-21 11:59:12+00:00,421.6212,True,3.3139748934732842
5b485d88-4710-44ed-9e0f-cfe29fdcace6,System4,System4_1,2023-04-25 11:07:09+00:00,3.84384,True,3.5312775277144013
ac485fc9-88bf-40f2-8a99-19e96dab2748,System8,System8_2,2023-04-26 00:02:28+00:00,31.836604800000003,True,3.286837311915535
0e6d49e0-9abe-4b2e-9b0e-7dc88774f0bd,System6,System6_1,2023-04-26 02:36:13+00:00,383.1828,True,3.3752952142194306
68b8f9ae-0857-4283-9b86-74620f97bc14,System4,System4_1,2023-04-26 10:29:43+00:00,3.84384,True,3.5312775277144013
62f286a5-2b9b-4032-824b-d466b92bd160,System6,System6_1,2023-04-26 10:30:23+00:00,383.1828,True,3.3752952142194306
82542f0e-b80c-40f7-ac27-96c4c07ced48,System6,System6_1,2023-04-27 03:11:14+00:00,383.1828,True,3.3752952142194306
d04cbb0e-16a3-4b1e-b1e3-e0210647e027,System8,System8_2,2023-05-01 22:16:18+00:00,38.4384,True,4.5402366582803815
dc3f8d04-7ba1-4e96-8b7f-8d57415788ee,System4,System4_1,2023-05-02 22:59:55+00:00,5.76576,True,5.695910005867486
fb82dbc5-a673-433b-8864-be0e1a8c8a54,System4,System4_2,2023-05-02 22:59:55+00:00,4.843238400000001,True,4.345493124598336
3491b325-1b5a-4fa0-be40-5dfcdfccd263,System13,System13_1,2023-05-03 11:30:01+00:00,38.4384,True,4.108026194178823
533a20b8-68a2-4cb7-967b-42567f94279c,System6,System6_2,2023-05-05 16:36:41+00:00,421.6212,True,3.3139748934732842
61d22ae3-ee78-4324-b9a4-0b87811361e3,System5,System5_1,2023-05-07 03:07:50.750000+00:00,50.4504,True,11.387457134784087
c4e4fc9d-a7e1-4630-8a85-d3684524b055,System12,System12_3,2023-05-08 10:44:31+00:00,38.4384,True,3.739695247483456
ab80318d-c3be-4e57-b128-dbcafc704042,System8,System8_2,2023-05-09 11:59:36+00:00,35.440204800000004,True,3.971007260804644
7f0642f0-5e3d-4c76-a7b1-3f3e045311d5,System8,System8_2,2023-05-09 15:03:42+00:00,38.4384,True,4.5402366582803815
ed49a087-6bfa-4477-9260-b838a8e2bb77,System6,System6_2,2023-05-11 01:43:50+00:00,421.6212,True,3.3139748934732842
edd51186-cabe-493d-928b-f709414fb98e,System12,System12_3,2023-05-11 12:00:59+00:00,38.4384,True,3.739695247483456
34439e59-5891-40ce-a7d1-dfcbc0460e55,System8,System8_2,2023-05-13 17:11:18+00:00,35.440204800000004,True,3.971007260804644
bab74d82-925c-4421-9865-6e00e78d9e8f,System4,System4_2,2023-05-14 21:49:26+00:00,4.2186144,True,3.638987772301071
c727eb50-cf0d-4114-a01a-caadb9a78bbe,System4,System4_1,2023-05-14 21:49:26+00:00,4.8048,True,4.6135937667909435
71a0dcb1-018b-47dc-b9e4-f97de6d6d680,System6,System6_2,2023-05-18 00:57:11+00:00,421.6212,True,3.3139748934732842
9aa290b8-08b2-49c0-bd83-a8f522bda740,System6,System6_1,2023-05-18 00:57:14+00:00,383.1828,True,3.3752952142194306
70c79ce6-4729-41bc-a2d8-d255d813c63a,System5,System5_1,2023-05-18 05:57:28+00:00,24.024,True,4.417845718716979
eacf6ad4-178e-4476-b6c4-9d30480c2f4b,System5,System5_1,2023-05-19 18:42:28+00:00,24.024,True,4.417845718716979
b322e223-7742-4167-8303-abf3f9c795dd,System7,System7_1,2023-05-19 19:04:35.875000+00:00,766.9710048000001,True,11.567683710285227
5444e1d8-926b-4d01-883f-4358bb287801,System13,System13_2,2023-05-22 12:45:43+00:00,28.8288,True,3.5363375882461248
e72c7a4f-7b75-4cf3-80b0-3ea96bf6a2c0,System13,System13_2,2023-05-23 13:01:34+00:00,28.8288,True,3.5363375882461248
945e0028-e925-4412-a2f0-688416f20337,System13,System13_1,2023-05-29 13:38:28+00:00,38.4384,True,4.108026194178823
b0b21fd7-b0e1-4a06-8b2c-469c958d74e6,System4,System4_2,2023-05-29 17:36:14+00:00,4.5549504,True,4.019413731230367
1682cdf4-58b2-477c-8218-9d8413fa886e,System4,System4_1,2023-05-29 17:36:14+00:00,5.76576,True,5.695910005867486
84a9f19c-b35f-417c-8632-0ac5fce01373,System6,System6_1,2023-06-01 15:49:38+00:00,383.1828,True,3.3752952142194306
dbfa6443-c021-4c5a-b720-0e43f7fba178,System8,System8_2,2023-06-02 13:16:41+00:00,34.239004800000004,True,3.742950611174941
a763dc10-da03-467f-88ac-edb5cdf0ed71,System13,System13_1,2023-06-03 12:56:48+00:00,38.4384,True,4.108026194178823
bdffb89b-30c7-4416-9a39-99774681685f,System12,System12_4,2023-06-03 12:57:57+00:00,28.8288,True,3.0225098277610543
7572deab-876e-4b77-9e70-817e93e6ab09,System12,System12_3,2023-06-04 14:34:40+00:00,38.4384,True,3.739695247483456
cfa6f599-f3e8-44cf-94bf-662172541847,System6,System6_2,2023-06-05 20:21:53+00:00,421.6212,True,3.3139748934732842
c180185c-e122-42dd-9a16-bab2b65edf0b,System13,System13_1,2023-06-06 15:19:52+00:00,38.4384,True,4.108026194178823
fe6c7c31-1e7b-4638-b67d-cef091f53103,System3,System3_2,2023-06-12 02:50:37+00:00,29001.7728,True,3.9999253291493644
e79b5abe-5bca-4fbd-b45d-c39df4e739e5,System13,System13_2,2023-06-12 11:37:14+00:00,28.8288,True,3.5363375882461248
9771ba27-a6b9-411d-a371-9f4c4a17f040,System4,System4_1,2023-06-12 16:03:41+00:00,5.76576,True,5.695910005867486
e862464d-bdaa-4169-ac8b-498dedd53634,System4,System4_2,2023-06-12 16:03:41+00:00,5.448643199999999,True,5.030259850671068
9d3e5aaf-b70d-45c0-ae5b-0f23ef5f54e5,System8,System8_2,2023-06-15 14:20:27+00:00,38.4384,True,4.5402366582803815
d01b7f4c-005b-4774-be97-70dcf8c129ee,System8,System8_2,2023-06-19 20:07:28+00:00,34.239004800000004,True,3.742950611174941
0989d411-b9bd-4674-99bc-2683738e7ca5,System8,System8_2,2023-06-21 01:25:55+00:00,30.635404800000003,True,3.058780662285832
67ac4006-1a98-4bdb-8a66-3fbf7f2f275a,System6,System6_1,2023-06-21 02:09:50+00:00,383.1828,True,3.3752952142194306
9143f648-844e-4b36-9c73-69d2c542951e,System6,System6_2,2023-06-21 02:09:51+00:00,421.6212,True,3.3139748934732842
c37b01a0-fa3a-430c-b824-224d0c6c77a9,System11,System11_1,2023-06-23 19:44:35.875000+00:00,102.58248,True,3.051909704634832
e3e01ef5-6b56-4646-8773-a2dcc3961e5d,System11,System11_2,2023-06-23 19:44:35.875000+00:00,85.621536,True,3.191853092266639
e851fda2-1838-4a1f-a86e-575345d2d118,System13,System13_2,2023-06-25 11:10:06+00:00,28.8288,True,3.5363375882461248
ce833bff-3985-452f-8013-95f3f1041fb4,System12,System12_4,2023-06-26 11:34:45+00:00,28.8288,True,3.0225098277610543
ad336c44-d720-4e41-b187-82d435bc54c5,System6,System6_1,2023-06-27 17:09:30+00:00,575.3748,True,5.96396548180027
e734ceb0-0a18-4b45-b4f2-9819a162dccf,System6,System6_2,2023-06-27 17:09:31+00:00,498.4980000000001,True,4.261858860175712
13fec73a-3038-4ef3-bb92-1d923153912f,System3,System3_2,2023-07-02 10:23:32.500000+00:00,29059.4304,True,3.4351361780565908
000918a5-484e-4e9b-a082-13037241eba5,System5,System5_1,2023-07-05 15:42:16+00:00,21.6216,True,3.7842446808926966
0bb7c249-0505-48e3-8617-024e8be6d707,System5,System5_1,2023-07-05 18:29:44+00:00,21.6216,True,3.7842446808926966
79031b7a-fbde-49fe-9315-c35da6bffa77,System8,System8_4,2023-07-08 18:24:24+00:00,9.6096,True,3.2198547735438607
ea6e9582-0571-4fe2-9305-d7bf122cc0c3,System5,System5_1,2023-07-08 22:12:50+00:00,21.6216,True,3.7842446808926966
2932accc-46c0-4fe9-bd2e-89605f1c037d,System8,System8_4,2023-07-09 18:55:42+00:00,9.6096,True,3.2198547735438607
e0067ff7-985e-41e6-a88d-5940f4647f7d,System12,System12_3,2023-07-13 15:52:57+00:00,38.4384,True,3.739695247483456
e48ed47c-6e8e-4145-bab1-c4613493d10c,System3,System3_2,2023-07-13 17:22:06+00:00,29040.2112,True,3.623399228420837
fbde7774-3eeb-4c8f-83ae-1ca4a77a061b,System12,System12_3,2023-07-16 14:01:57+00:00,48.048,True,5.24976852477226
ef10a9ad-9c7d-41bc-97b1-e98d8cd6943a,System8,System8_3,2023-07-18 13:20:03+00:00,14.4144,True,3.1340657382830206
e90bde49-d20e-4fbb-baa2-609619d533b5,System8,System8_2,2023-07-18 17:29:48+00:00,30.635404800000003,True,3.058780662285832
7725b506-ebe5-4ac1-bf4d-6091c2e69588,System4,System4_2,2023-07-20 15:34:25+00:00,4.6222176,True,4.095498923016226
e945d5e7-8fec-47f1-8bc7-5469dcd1bfa3,System4,System4_1,2023-07-20 15:34:25+00:00,5.76576,True,5.695910005867486
0232a8b8-d202-41aa-93ca-e2c361e69a77,System11,System11_1,2023-07-21 01:20:40.875000+00:00,122.04192,True,4.0071455185952995
eae25773-9b68-47a2-b6bb-206b03d42af5,System4,System4_1,2023-07-21 18:12:10+00:00,4.8048,True,4.6135937667909435
cb41624a-2a87-4c85-87de-d3791a4d6e82,System13,System13_2,2023-07-22 12:15:10+00:00,28.8288,True,3.5363375882461248
40511db8-0806-4dc7-8bed-e93020585302,System8,System8_2,2023-07-23 21:04:40+00:00,33.6336,True,3.62801005976157
2437c162-c1b0-431f-9117-e321b85b622b,System5,System5_1,2023-07-24 02:17:05+00:00,21.6216,True,3.7842446808926966
80c04edb-de2f-492d-865d-e6f7e9ca4282,System8,System8_2,2023-07-25 14:35:26+00:00,31.2312,True,3.171896760502164
b5aacd46-b031-47f7-85fb-ef5310283bab,System8,System8_1,2023-07-25 19:13:53+00:00,18.018,True,3.401964396474141
12f06887-a7c4-4776-83cd-28c52eca67d4,System3,System3_2,2023-07-25 23:35:05+00:00,29097.8688,True,3.058610077328099
cadcb337-5300-4f44-b4bb-ec408595d0c9,System5,System5_1,2023-07-26 01:36:32+00:00,24.024,True,4.417845718716979
f22739be-bd96-460a-b51b-9a83ea11873e,System6,System6_2,2023-07-28 04:04:28+00:00,498.4980000000001,True,4.261858860175712
89194e77-d91a-47f6-9769-090e065eb228,System5,System5_1,2023-07-28 05:51:18+00:00,19.2192,True,3.1506436430684137
ccb672f6-3239-43d5-8b55-2ba7482eb235,System8,System8_2,2023-07-28 20:49:34+00:00,33.6336,True,3.62801005976157
844fab81-0b25-4bb3-bf44-654ba94d4f67,System8,System8_2,2023-07-29 02:03:13+00:00,32.4324,True,3.399953410131867
7c56cb4d-724f-4842-86fa-4a82c486aa90,System8,System8_2,2023-07-29 15:12:17+00:00,36.036,True,4.084123359020976
61452323-2c6d-4127-841f-15a376336478,System5,System5_1,2023-07-30 22:14:14+00:00,19.2192,True,3.1506436430684137
2294a7cf-8da8-4199-a3b8-6ada9e03609b,System3,System3_2,2023-08-01 23:34:31+00:00,29059.4304,True,3.4351361780565908
5aed6c0f-2fc9-4ab9-b18f-92227d6ae3d1,System8,System8_2,2023-08-02 17:11:01+00:00,31.836604800000003,True,3.286837311915535
186a52ce-6c10-49c1-871c-77b045aade1e,System5,System5_1,2023-08-05 01:54:03+00:00,21.6216,True,3.7842446808926966
14d91a65-4762-4181-8b44-12364759d845,System5,System5_1,2023-08-06 00:28:41+00:00,26.4264,True,5.051446756541262
06fb8621-f8bd-4d0a-a009-7446feffb7b1,System6,System6_1,2023-08-08 02:16:18+00:00,383.1828,True,3.3752952142194306
49ab6f2b-f8a6-468c-b231-1f64a3d3f334,System12,System12_4,2023-08-08 13:13:16+00:00,28.8288,True,3.0225098277610543
bf5d4c18-c2cc-4349-a0b9-9d07b9465eef,System8,System8_2,2023-08-09 14:51:28+00:00,30.635404800000003,True,3.058780662285832
436c3028-172c-4ef9-8e07-fecdf4f0c609,System8,System8_4,2023-08-09 18:25:29+00:00,9.6096,True,3.2198547735438607
b3c4dc5c-1ba2-4ef3-afec-5046d6815bae,System13,System13_2,2023-08-10 18:38:33+00:00,28.8288,True,3.5363375882461248
5c0fb073-9022-4480-9bb9-dae485b268f3,System9,System9_1,2023-08-10 20:35:25+00:00,5996.3904,True,3.393177463920537
d4b6d375-5c49-4975-b1bc-0edbd63a845d,System8,System8_4,2023-08-10 22:29:20+00:00,9.6096,True,3.2198547735438607
c0b65018-25c8-4231-a08a-292094145b98,System8,System8_4,2023-08-11 22:42:52+00:00,10.8108,True,4.232166036001884
bf533d17-1ef0-430e-a32a-36bebc20dccf,System12,System12_4,2023-08-13 12:57:41+00:00,28.8288,True,3.0225098277610543
833dda99-4f5f-4887-a7db-a54515b4ae97,System6,System6_2,2023-08-14 19:34:28+00:00,421.6212,True,3.3139748934732842
f0e37f1b-3e5d-4757-959e-df0596d82660,System6,System6_1,2023-08-14 19:34:35+00:00,421.6212,True,3.8930292677355984
f320c657-fe1f-4747-a0be-ac35f18984d5,System5,System5_1,2023-08-15 20:10:33+00:00,31.2312,True,6.318648832189827
d84a8b95-7c06-4c9f-9212-9b70d91e07ee,System3,System3_2,2023-08-20 16:16:19+00:00,29088.2592,True,3.152741602510222
19b21911-aeb4-4b59-9340-8001a13505e0,System3,System3_2,2023-08-20 21:20:58+00:00,29069.04,True,3.3410046528744677
cf7d0750-7f50-42ac-a2de-0065071def41,System3,System3_2,2023-08-20 23:15:26+00:00,29069.04,True,3.3410046528744677
af62482e-73b3-47bc-95b6-9a19039dcf2a,System12,System12_4,2023-08-22 14:29:15+00:00,28.8288,True,3.0225098277610543
e2869bb0-5c50-4ba9-b046-5cdfb0f2e1c1,System3,System3_2,2023-08-24 23:02:38+00:00,29011.3824,True,3.9057938039672413
95d2e39b-5944-4728-bc39-7d75503dd335,System3,System3_3,2023-08-24 23:10:23+00:00,28896.0672,True,3.3773291598298605
03ee38a7-ab61-4f55-a48d-7db86b74f04b,System3,System3_2,2023-08-25 00:31:40+00:00,29040.2112,True,3.623399228420837
8ad644ad-a79f-4497-ab6b-3c0a267473e9,System8,System8_3,2023-08-25 04:05:25+00:00,14.4144,True,3.1340657382830206
f194226b-08f3-4919-b045-fd7698569af9,System12,System12_4,2023-08-26 11:58:09+00:00,28.8288,True,3.0225098277610543
7e70e96d-98e7-4f5f-a919-1fe5dcfbff08,System12,System12_4,2023-08-27 13:41:49+00:00,28.8288,True,3.0225098277610543
5c28329c-e912-4947-80dc-fc89481f7508,System11,System11_1,2023-08-29 16:29:26.875000+00:00,136.7734368,True,4.730294408867596
ca943dc2-a499-44a3-905a-151fbb437f6f,System13,System13_2,2023-08-31 14:20:01+00:00,28.8288,True,3.5363375882461248
2d703811-3750-4c00-93c6-86c7454af882,System8,System8_4,2023-08-31 17:13:32+00:00,9.6096,True,3.2198547735438607
9de60510-7b34-4a6f-93e0-f6bc02e6cf4f,System11,System11_2,2023-08-31 21:07:42.875000+00:00,86.822736,True,3.2701820149523035
9dc4b10e-38f4-4902-90d4-ff8461549ac0,System13,System13_2,2023-09-02 11:05:55+00:00,28.8288,True,3.5363375882461248
700df16a-e2ec-4819-be58-eee686f98e26,System13,System13_2,2023-09-03 14:25:34+00:00,28.8288,True,3.5363375882461248
142654c2-f4c8-46a5-b1a7-af459e6fd40d,System11,System11_1,2023-09-03 17:33:39.875000+00:00,154.7914368,True,5.614772014386547
de4ed2e9-f39a-4d70-b8c2-582396880479,System11,System11_2,2023-09-03 18:02:16+00:00,83.5458624,True,3.0565007138658107
26881624-a58e-47cf-a921-3bcce9b47d91,System9,System9_1,2023-09-03 20:26:21+00:00,5881.0752,True,3.0182119078053384
87c63316-0129-4767-a7ef-c075e7610bba,System8,System8_4,2023-09-04 15:09:05+00:00,10.8108,True,4.232166036001884
16cff213-314c-42cd-9d6d-5bcc99f0b051,System8,System8_4,2023-09-08 14:20:30+00:00,9.6096,True,3.2198547735438607
f958c202-0255-4c39-868a-ff7ad5fcdcae,System11,System11_1,2023-09-09 20:44:48.875000+00:00,154.6376832,True,5.607224472152785
31858dba-9652-4b07-881c-8ee6b1c25ac2,System13,System13_2,2023-09-15 11:29:59+00:00,28.8288,True,3.5363375882461248
1d6b793f-7751-48a2-bd9f-b8c70b6237a3,System13,System13_2,2023-09-18 13:31:16+00:00,28.8288,True,3.5363375882461248
502a5e91-7683-4c1c-818e-e6a7990f5716,System12,System12_3,2023-09-18 13:32:24+00:00,48.048,True,5.24976852477226
6e3f8329-8cbc-4cad-bd5b-9d343110ff6d,System8,System8_2,2023-09-18 20:25:06+00:00,31.836604800000003,True,3.286837311915535
6cf55fc7-b3b7-40e0-acaf-1d72a4e10f21,System3,System3_2,2023-09-19 12:23:34+00:00,29040.2112,True,3.623399228420837
690891d6-bf8f-4413-8665-4cd771b7ede7,System11,System11_1,2023-09-20 15:16:05.875000+00:00,109.54944,True,3.39390771210216
98fb39bc-4c0f-4cd6-8c3a-b58455c85154,System8,System8_2,2023-09-21 02:53:57+00:00,34.8348,True,3.856066709391273
f6169655-f18c-4141-8a45-4c61d4d488be,System11,System11_1,2023-09-21 15:04:29.875000+00:00,186.8298432,True,7.187491127346646
f0910823-b81d-4213-99c8-c900a5c6fc64,System8,System8_2,2023-09-21 22:30:58+00:00,35.440204800000004,True,3.971007260804644
355241cb-b714-4a4d-b481-a35d9557d734,System12,System12_4,2023-09-22 08:56:24+00:00,28.8288,True,3.0225098277610543
59de5c1a-c7ce-41a7-9433-262ae701d4de,System8,System8_4,2023-09-22 18:26:21+00:00,10.2150048,True,3.7300596498227048
32e1d6a8-c609-475c-aeee-ba012f32ad47,System8,System8_2,2023-09-24 22:01:26+00:00,32.4324,True,3.399953410131867
2c4395cf-eb72-4434-b503-ba86bd8d0d5a,System8,System8_4,2023-09-24 22:24:44+00:00,10.2150048,True,3.7300596498227048
9b980ef3-eb4c-4386-b831-a60c6f8ef111,System6,System6_2,2023-09-25 22:37:07+00:00,460.0596000000001,True,3.787916876824499
09308efe-774a-4f7a-ab85-2335cbdd3ad9,System4,System4_1,2023-09-27 16:27:22+00:00,5.76576,True,5.695910005867486
cdc356aa-c43c-4905-8c87-4eae67516c8f,System4,System4_2,2023-09-27 16:27:22+00:00,4.7663616,True,4.25853861970021
ec47bb3f-354f-45d9-8847-121d236c8f7d,System4,System4_2,2023-09-27 20:27:02+00:00,4.180176,True,3.5955105198520085
6b73e7ba-4f59-49a1-b42f-1e533985d95c,System4,System4_1,2023-09-27 20:27:02+00:00,5.76576,True,5.695910005867486
278fa6b8-981e-49c4-a11c-628323c06773,System12,System12_4,2023-09-28 13:44:17+00:00,28.8288,True,3.0225098277610543
55430621-4ea0-4410-8680-cb655662ac27,System11,System11_1,2023-09-29 13:35:48.875000+00:00,131.89176,True,4.49065994294566
267a3b94-c5f6-470e-9419-0141c18df802,System6,System6_2,2023-09-29 17:38:17+00:00,460.0596000000001,True,3.787916876824499
ce0a7b92-3149-45b5-834d-e6844c22fce0,System8,System8_2,2023-09-30 13:55:07+00:00,31.836604800000003,True,3.286837311915535
12cdd63d-6e26-4fd9-81f0-aae835abcfb9,System8,System8_1,2023-09-30 16:09:52+00:00,17.4222048,True,3.1268154680085676
49796e98-1988-4589-9245-0a9fdd8c6d65,System12,System12_4,2023-10-01 14:22:14+00:00,28.8288,True,3.0225098277610543
d869a1c1-7df2-433e-ab42-fb1d0f5c5236,System4,System4_2,2023-10-01 17:40:20+00:00,4.7471424,True,4.23679999347568
a1e9b50a-6f72-4feb-871b-a6fab06e245f,System4,System4_1,2023-10-01 17:40:20+00:00,5.76576,True,5.695910005867486
7860b2d7-fe98-4533-90f7-dcdddc7cd9ca,System4,System4_2,2023-10-02 01:15:46+00:00,5.1219168,True,4.660703204854038
04e6957c-c92a-4879-ab20-9c6e91f8a274,System4,System4_1,2023-10-02 01:15:46+00:00,5.76576,True,5.695910005867486
9781a688-e5e5-4787-a7d3-31e10fb5b9ea,System4,System4_2,2023-10-02 17:38:05+00:00,6.4288224000000005,True,6.138929788122161
1c289293-3a6c-432e-acb8-0cb257ddb5bd,System4,System4_1,2023-10-02 17:38:05+00:00,6.72672,True,6.778226244944027
8da026fb-d087-4112-8158-075b4a20397d,System4,System4_1,2023-10-02 23:47:41+00:00,6.72672,True,6.778226244944027
df138c54-1c06-4243-8d4e-c46aaf7f9655,System4,System4_2,2023-10-02 23:47:41+00:00,6.044438400000001,True,5.704157263631537
3202d04e-ecde-4bca-9854-fa27b9056579,System8,System8_1,2023-10-03 00:08:19+00:00,30.03,True,8.949321825215527
0c7d6f43-366f-44b0-98cf-e8901078fe75,System8,System8_4,2023-10-03 01:48:00+00:00,9.6096,True,3.2198547735438607
a05db08d-7098-4e42-8617-8ca0b7ee2602,System8,System8_1,2023-10-04 13:29:16+00:00,30.03,True,8.949321825215527
595dac6e-de1c-4165-8971-d5dd635b2915,System8,System8_1,2023-10-04 16:05:47+00:00,19.2192,True,3.9567001393482797
6d1a0bea-301a-497a-99b0-8c6a4166bf21,System4,System4_1,2023-10-07 01:15:09+00:00,5.76576,True,5.695910005867486
89e7119a-464a-473f-a34f-b85293c2ae3c,System4,System4_2,2023-10-07 01:15:09+00:00,4.3147104,True,3.747680903423727
ceb76bd5-6394-4c4d-bcf9-6f5eb4644b36,System11,System11_2,2023-10-08 01:00:06.875000+00:00,86.8035168,True,3.2689287521893324
0ec1b911-c360-43f3-9899-784a1aabe709,System8,System8_1,2023-10-10 03:55:39+00:00,18.6234048,True,3.681551210882706
7bcfa100-1972-4bd3-add4-bf582693005f,System8,System8_1,2023-10-10 20:55:55+00:00,17.4222048,True,3.1268154680085676
3d15dabb-a700-42f3-8a9f-9d16dc42269c,System11,System11_1,2023-10-12 12:14:44.875000+00:00,128.5284,True,4.325557456582122
7802eba3-c3e8-41a0-9f22-a97cae990bb2,System13,System13_2,2023-10-13 11:02:54+00:00,28.8288,True,3.5363375882461248
84fee296-7021-4d5f-a166-60f501bb24ec,System8,System8_2,2023-10-14 00:06:08+00:00,31.836604800000003,True,3.286837311915535
753f4c1d-a6b7-4af3-874f-62a688758f72,System5,System5_1,2023-10-15 10:08:03+00:00,33.6336,True,6.952249870014109
f051fd0e-b7a2-4105-839d-0506a965dc77,System8,System8_1,2023-10-16 15:48:30+00:00,18.6234048,True,3.681551210882706
f7ffecaa-26a1-4803-a1af-7acd3041c0db,System6,System6_1,2023-10-17 14:11:47+00:00,383.1828,True,3.3752952142194306
ccb932ac-444e-41ed-bd02-5a7954356426,System11,System11_1,2023-10-17 20:21:10.875000+00:00,189.1457568,True,7.301175982242681
1c7d2100-889e-47fb-bec9-eefb68eb36d7,System8,System8_1,2023-10-18 13:26:08+00:00,21.6216,True,5.0661716250965565
6de910a2-5919-4402-846a-071b393ece8c,System8,System8_2,2023-10-19 13:33:47+00:00,30.635404800000003,True,3.058780662285832
936abda3-69c6-45c0-b188-90664da6f5ac,System8,System8_4,2023-10-20 20:42:35+00:00,9.6096,True,3.2198547735438607
4e18f907-767c-4ab8-a97c-73a5d63a0e36,System9,System9_1,2023-10-22 01:42:01+00:00,6169.3632,True,3.9556257980933345
0c895278-bc08-41e2-8150-553a7042b872,System12,System12_3,2023-10-22 12:13:12+00:00,38.4384,True,3.739695247483456
22f6a408-3043-4640-88d2-e210eb9cec2e,System13,System13_2,2023-10-22 12:14:42+00:00,28.8288,True,3.5363375882461248
7a3c9616-8502-430a-a49a-12e9b726b8b9,System11,System11_1,2023-10-22 23:30:29.875000+00:00,117.6407232,True,3.79109712215387
2dc68843-07b3-4aa2-bb1f-e3ffcbc847c7,System4,System4_1,2023-10-23 20:28:33+00:00,4.8048,True,4.6135937667909435
f20fa1c0-9f1d-4264-a16c-e5e8b4909862,System11,System11_1,2023-10-24 15:39:33.875000+00:00,199.2358368,True,7.796483441333294
22c1a2c4-f9ac-42ca-b368-023e86892624,System6,System6_2,2023-10-24 15:46:04+00:00,460.0596000000001,True,3.787916876824499
ad20d934-913c-4934-9965-f6c3d91896eb,System11,System11_1,2023-10-25 03:22:14.875000+00:00,108.0311232,True,3.3193757325437625
b0b2888d-4c76-43b4-ba14-0da7d2c5c88d,System13,System13_1,2023-10-25 15:35:34+00:00,48.048,True,5.725940295029239
b692a896-dcd9-40c4-8093-f3c6c29eff34,System6,System6_2,2023-10-26 14:14:10+00:00,421.6212,True,3.3139748934732842
bee5599a-ebdd-4496-9b0b-f0d540d28ebd,System13,System13_2,2023-10-29 13:47:37+00:00,28.8288,True,3.5363375882461248
1a76bf1f-c59d-492b-b50b-ed3d6c5208b5,System6,System6_1,2023-10-30 02:54:35+00:00,383.1828,True,3.3752952142194306
cfd30001-9001-4643-ac2e-05f525b21684,System8,System8_4,2023-10-30 16:51:08+00:00,9.6096,True,3.2198547735438607
92665d84-c0a9-450e-aba4-94580048b4be,System8,System8_1,2023-10-31 14:40:03+00:00,18.6234048,True,3.681551210882706
88cbfa0f-7bb4-4a1b-a316-f8bad2d64a3a,System4,System4_1,2023-11-01 01:57:24+00:00,5.76576,True,5.695910005867486
3c4a2f24-7007-48ac-a595-fb86095066b7,System4,System4_2,2023-11-01 01:57:24+00:00,4.9393344,True,4.454186255720992
66306a9a-50b0-4ef8-8417-437a2ab4e851,System6,System6_1,2023-11-01 13:47:34+00:00,383.1828,True,3.3752952142194306
ac126b90-c811-49c3-b0e0-d3ec3211daed,System11,System11_2,2023-11-01 18:28:31.875000+00:00,85.8425568,True,3.2062656140408006
3eb60f2c-acab-47f6-906c-888ddc94ecf7,System11,System11_1,2023-11-01 21:28:41.875000+00:00,109.78968,True,3.4057007468424123
577466cc-91c3-46b1-a268-f753c6e12864,System11,System11_1,2023-11-02 22:46:31.875000+00:00,156.55960320000003,True,5.701568750074808
aa12ac2e-5c47-4daa-9dec-217ad4b794f1,System11,System11_1,2023-11-05 01:47:59.875000+00:00,149.90976,True,5.375137548464612
1f3e00ea-5dea-461c-8f85-62fd7442ad5f,System11,System11_1,2023-11-05 14:40:00.875000+00:00,157.4340768,True,5.744495396529326
dc11e158-9680-498c-a2c1-dd97c6c7810c,System12,System12_4,2023-11-06 14:30:58+00:00,28.8288,True,3.0225098277610543
74c22379-a06e-465c-9df4-7ab9cbd918b4,System8,System8_2,2023-11-06 18:16:16+00:00,38.4384,True,4.5402366582803815
497a8868-df73-4514-8fc2-551c6c29607f,System12,System12_4,2023-11-07 11:59:03+00:00,28.8288,True,3.0225098277610543
ac55eaac-291c-4c83-a351-77c977de55aa,System8,System8_4,2023-11-08 02:57:33+00:00,9.6096,True,3.2198547735438607
1cf3dc57-d862-4c92-9fd2-aeecfa42b7b0,System12,System12_3,2023-11-08 14:36:45+00:00,48.048,True,5.24976852477226
5c74f7e6-d7a7-4c7f-8f77-c8d85095e399,System13,System13_2,2023-11-08 14:38:28+00:00,28.8288,True,3.5363375882461248
d6c6943a-f762-462a-b67f-e6d0b0024a66,System11,System11_1,2023-11-09 02:59:58.875000+00:00,116.9200032,True,3.7557180179331118
6d65e836-834c-48ca-82ce-6787e60fb6fa,System12,System12_4,2023-11-12 11:11:58+00:00,28.8288,True,3.0225098277610543
064ad524-92d3-456d-85f0-5e4b844dcefc,System11,System11_1,2023-11-16 15:07:35.875000+00:00,151.4280768,True,5.449669528023009
532b892c-754d-4552-b2ca-e2cf2044f9d7,System11,System11_1,2023-11-16 23:35:25.875000+00:00,170.49352320000003,True,6.385564765009463
34f6ef7b-8077-4f81-beab-18b4fb8b175f,System13,System13_1,2023-11-17 11:31:13+00:00,48.048,True,5.725940295029239
f6221dfd-c42a-4781-9926-28a7388b6842,System11,System11_1,2023-11-20 15:20:04.875000+00:00,167.44728,True,6.236029084503058
f442bf53-e6d1-492f-ad34-2224c1cb109f,System12,System12_3,2023-11-21 13:34:57+00:00,38.4384,True,3.739695247483456
7f478168-5bc0-4350-84aa-073aea382f77,System11,System11_1,2023-11-21 23:09:27.875000+00:00,175.85568,True,6.648785300411903
91096cbb-e1c8-4e3f-b80b-187fdcda3fbb,System6,System6_2,2023-11-21 23:38:50+00:00,421.6212,True,3.3139748934732842
0f95ca44-dcec-4227-9a0b-b6a5dddaee73,System6,System6_1,2023-11-21 23:38:53+00:00,383.1828,True,3.3752952142194306
d7b1674b-aa18-48db-a10e-948e7bf3d8fe,System8,System8_2,2023-11-23 01:15:24+00:00,38.4384,True,4.5402366582803815
e5a1f7c4-d11c-4e69-8064-6fde3ce85437,System4,System4_2,2023-11-24 02:12:01+00:00,3.699696,True,3.0520448642387277
c570685f-e9ca-41d4-a9f7-3b74dd9e4bcf,System4,System4_1,2023-11-24 02:12:01+00:00,3.84384,True,3.5312775277144013
2cf7be65-26cb-4b34-84c3-7acfa3b29b14,System6,System6_1,2023-11-24 02:12:29+00:00,383.1828,True,3.3752952142194306
e08ef5f6-1079-4088-9225-a04d6ef05f82,System6,System6_1,2023-11-26 19:08:00+00:00,460.0596000000001,True,4.410763321251768
e0a65148-3f34-4172-ad26-a0d4518c4ac8,System11,System11_1,2023-11-26 23:49:50.875000+00:00,174.57760320000003,True,6.586046355593759
e9cd7b14-7b22-4a48-8198-1c799fccbb71,System11,System11_1,2023-11-27 04:23:02.875000+00:00,165.2082432,True,6.126118000723903
d922b3f4-829b-460a-8c78-6534092e9044,System8,System8_1,2023-11-28 04:21:52+00:00,18.6234048,True,3.681551210882706
1a27b108-0623-42fb-bdb2-8fe51ead8ea3,System11,System11_1,2023-11-28 19:36:53.875000+00:00,114.35424,True,3.6297684069072136
0d4189f3-1a47-4e5d-9a90-cf6544437c63,System11,System11_2,2023-12-01 01:42:51.875000+00:00,90.81072,True,3.5302340382687096
a866f2be-2be5-4999-9f27-4f380cb1748e,System6,System6_1,2023-12-01 02:20:14+00:00,421.6212,True,3.8930292677355984
110e69db-0b1f-4c88-a40d-beda1059cad7,System11,System11_1,2023-12-01 19:47:24.875000+00:00,135.81247679999998,True,4.683122269906583
46e7d557-ff0e-42b0-adeb-7d9a7e35db22,System13,System13_2,2023-12-02 10:29:02+00:00,28.8288,True,3.5363375882461248
31dab32b-bdca-4673-b456-2d88d755a5cd,System11,System11_1,2023-12-03 01:17:08.875000+00:00,169.5325632,True,6.338392626048452
9bb80f8f-3599-4558-b947-ada35293fadd,System6,System6_1,2023-12-03 02:59:02+00:00,383.1828,True,3.3752952142194306
5d39cb59-5c99-441d-91ca-2da873eadbe1,System11,System11_1,2023-12-05 22:22:37.875000+00:00,134.61127679999998,True,4.62415709620532
cbebfd6b-1e1d-46c6-affc-e2f9966e817d,System11,System11_1,2023-12-07 23:40:46+00:00,147.05570880000002,True,5.235036295750411
b38c8c59-d1f5-4dbb-863c-f7c79cd99487,System6,System6_2,2023-12-10 03:11:11+00:00,460.0596000000001,True,3.787916876824499
959a7daf-6806-4ae0-8686-4e05f3052640,System11,System11_1,2023-12-11 05:16:26.875000+00:00,161.5181568,True,5.944976987113622
8f0b57b7-d90e-4693-adfb-d2ff43cb436a,System8,System8_1,2023-12-16 20:59:07+00:00,17.4222048,True,3.1268154680085676
1a4063c3-6860-4917-ae22-9ca29fff6ebf,System4,System4_1,2023-12-17 02:38:13+00:00,4.8048,True,4.6135937667909435
f4dfc1ed-4843-4565-bf06-acc4ce2d9b34,System4,System4_1,2023-12-18 21:35:05+00:00,4.8048,True,4.6135937667909435
3f9415db-4cdc-427b-bd6b-b104ee08e76d,System4,System4_2,2023-12-18 21:35:05+00:00,5.0258208,True,4.552010073731382
8dfd66ad-e84c-456a-bdfa-9279dfd5bcd7,System6,System6_1,2023-12-19 02:33:01+00:00,383.1828,True,3.3752952142194306
6dd67f2e-bf9e-4cbd-a8ad-0b209740a77a,System6,System6_1,2023-12-19 12:58:10+00:00,383.1828,True,3.3752952142194306
08e9d509-2205-40b3-b2ef-1eeadccc7616,System11,System11_1,2023-12-19 15:56:10.875000+00:00,154.87792320000003,True,5.619017506893039
a40c5b12-5581-452f-9693-b8adf09e4040,System6,System6_1,2023-12-20 00:46:22+00:00,383.1828,True,3.3752952142194306
e1162755-0adf-4d1c-875d-d8733af33c8d,System11,System11_1,2023-12-22 18:42:19.875000+00:00,134.61127679999998,True,4.62415709620532
f216ea3d-aae1-4564-b252-523058e6d65a,System4,System4_1,2023-12-23 03:31:13+00:00,3.84384,True,3.5312775277144013
9da00b3d-4448-4d33-abda-6c85db7c18cc,System11,System11_1,2023-12-23 16:47:17.875000+00:00,189.8664768,True,7.336555086463439
72904fae-83ff-44e2-b173-da0fc3d7cbfe,System6,System6_2,2023-12-24 04:02:07+00:00,421.6212,True,3.3139748934732842
fccc5e7b-5a56-4c6a-8865-3a165cfa8564,System13,System13_2,2023-12-25 12:59:33+00:00,28.8288,True,3.5363375882461248
27d782e5-06b0-43bb-a081-c842dd7e782a,System5,System5_1,2023-12-27 16:53:29.500000+00:00,24.024,True,4.417845718716979
b2c6419a-fcd3-40a2-8b0a-8548511651b0,System5,System5_1,2023-12-30 01:43:15+00:00,24.024,True,4.417845718716979
eb234bbb-a277-43ef-bd63-0e9a2ff5c06d,System11,System11_1,2023-12-31 00:38:01.875000+00:00,109.06896,True,3.3703216426216542
e3285102-4018-44a2-a4a8-ce5feb4c3936,System13,System13_1,2024-01-01 15:26:03+00:00,38.4384,True,4.108026194178823
4c2c940c-7f57-4bf9-b5e4-91342ef59020,System11,System11_1,2024-01-01 19:25:55.875000+00:00,102.2653632,True,3.036342898777698
610f10de-7e0d-403b-a04b-f51fdc135ac0,System7,System7_1,2024-01-03 17:54:13.875000+00:00,718.9230048000001,True,13.225102690089946
795d122d-cbb4-4bac-857d-5ae724b62d1f,System6,System6_1,2024-01-04 00:59:34+00:00,383.1828,True,3.3752952142194306
d07e3715-acd9-4ffa-90cd-d01706ec20c5,System6,System6_1,2024-01-05 19:41:13+00:00,383.1828,True,3.3752952142194306
bff780d6-c506-467b-b17c-b4711c09eb8b,System11,System11_1,2024-01-06 20:57:21.875000+00:00,102.7458432,True,3.0599289682582036
af64bb7c-6e6a-4166-89fd-d8efdc94b9b3,System6,System6_2,2024-01-07 20:37:22+00:00,421.6212,True,3.3139748934732842
c0bcac37-48f6-457b-9fff-bd2ae2abcafc,System6,System6_1,2024-01-08 02:15:12+00:00,383.1828,True,3.3752952142194306
927db026-7a43-4c73-b47e-a3c53cc09a54,System4,System4_2,2024-01-08 20:02:37+00:00,5.7945888,True,5.421555122712631
160debd2-081d-4e45-a4c7-2eff263a6ec6,System4,System4_1,2024-01-08 20:02:37+00:00,5.76576,True,5.695910005867486
0a5cbdaa-c7c0-4d29-86e4-1755615a05de,System7,System7_1,2024-01-24 13:48:58.875000+00:00,763.9632,True,11.671438138421003
60bd2cb1-7aba-4ef3-ab46-92c757770253,System7,System7_1,2024-01-28 01:24:52.875000+00:00,779.5788,True,11.132776969984471
f7d8f419-1bb7-4e2f-a07f-dba1d549c355,System5,System5_1,2024-01-29 00:48:45+00:00,19.2192,True,3.1506436430684137
0e51b490-f29f-4fce-987e-8efdc3c3d3f1,System5,System5_1,2024-01-31 13:56:02+00:00,19.2192,True,3.1506436430684137
5572869b-a3a1-4d87-b13f-56e57636f8aa,System8,System8_3,2024-01-31 20:55:08+00:00,15.0198048,True,3.5452429156578114
6238054d-e4dd-4793-a917-fa88e89d33c4,System8,System8_3,2024-01-31 23:23:02+00:00,14.4144,True,3.1340657382830206
4475b643-e555-496c-bd93-7366499ff9b5,System6,System6_1,2024-02-03 13:47:51+00:00,421.6212,True,3.8930292677355984
cf7a128e-49a1-41a3-8d4e-6f356241fad8,System8,System8_3,2024-02-03 17:08:43+00:00,16.2210048,True,4.3610706485443025
05fb5f74-8ad0-4176-bdb3-a9ec6c7f87a6,System8,System8_3,2024-02-03 21:13:32+00:00,15.6156,True,3.9498934711695117
0ff6f73b-3458-4db0-8a1c-a14a53b82df0,System8,System8_3,2024-02-05 17:28:13+00:00,15.0198048,True,3.5452429156578114
69dd3eba-16a1-4b93-beb6-267e69181959,System11,System11_2,2024-02-05 19:01:58.875000+00:00,89.77288320000001,True,3.462557849068296
5318d845-bb41-493d-bc52-c7cd5d5b21c5,System6,System6_1,2024-02-05 19:25:01+00:00,421.6212,True,3.8930292677355984
df8d165a-5059-4334-8583-0bb1e9c8ba84,System6,System6_2,2024-02-05 19:25:06+00:00,421.6212,True,3.3139748934732842
105c45f4-681b-4cdb-9558-09df557ba820,System8,System8_3,2024-02-06 02:04:48+00:00,16.8168,True,4.765721204056003
6987975c-6c5e-4579-877b-2eb8b2f51099,System8,System8_3,2024-02-08 15:37:50+00:00,15.6156,True,3.9498934711695117
ea179f7c-bf82-45ac-af66-fdc20c2bde54,System8,System8_3,2024-02-08 19:22:36+00:00,14.4144,True,3.1340657382830206
86f02403-6f31-4513-aec5-39c8e692bad6,System8,System8_1,2024-02-10 04:21:11+00:00,18.6234048,True,3.681551210882706
315995c6-9089-412d-8e04-6e45752ce7ed,System8,System8_3,2024-02-14 18:30:09+00:00,15.0198048,True,3.5452429156578114
b9c94bc5-180f-487d-80c1-3fa7839b4dd5,System8,System8_3,2024-02-14 20:59:48+00:00,15.0198048,True,3.5452429156578114
560ae66c-d059-48a3-b0b9-e57d0921128f,System6,System6_1,2024-02-16 13:44:55+00:00,421.6212,True,3.8930292677355984
57da7c7c-a485-4c54-b0dc-64b11b39d4d8,System6,System6_2,2024-02-16 13:45:08+00:00,421.6212,True,3.3139748934732842
6e2db321-9265-458e-8f6e-45ef0730f4bb,System8,System8_3,2024-02-16 16:34:38+00:00,14.4144,True,3.1340657382830206
2ff10e92-637c-4295-b134-574f36d3113c,System8,System8_3,2024-02-16 20:45:31+00:00,15.0198048,True,3.5452429156578114
486b2cae-1747-497a-abd0-c5f69f2d93ac,System6,System6_1,2024-02-17 17:30:01+00:00,383.1828,True,3.3752952142194306
57416d09-cf45-486b-a36c-d0d18a0b9e15,System6,System6_1,2024-02-17 20:22:02+00:00,383.1828,True,3.3752952142194306
d316e921-2b4b-4643-b0c0-d8b803de3e7c,System11,System11_2,2024-02-17 20:36:19.875000+00:00,93.2899968,True,3.691904934691921
39f3873b-4e84-43a7-80ee-0e83f9ff597f,System11,System11_2,2024-02-17 23:44:20.875000+00:00,204.5211168,True,10.945163175384456
5c6edebf-0769-44c5-bea9-986425484dbd,System6,System6_1,2024-02-18 01:55:07+00:00,383.1828,True,3.3752952142194306
9870fb95-4287-4299-8dce-5dd16ecdc0ca,System12,System12_3,2024-02-18 12:24:22+00:00,38.4384,True,3.739695247483456
ae208b8e-631a-42c9-89d4-21bab4905267,System6,System6_1,2024-02-18 12:34:55+00:00,421.6212,True,3.8930292677355984
7056f152-d66f-4413-a5f5-6101626e2600,System4,System4_1,2024-02-18 14:59:19+00:00,3.84384,True,3.5312775277144013
30f285c3-b165-438f-9561-30e6628d2dcc,System4,System4_2,2024-02-18 14:59:19+00:00,3.8150112,True,3.182476621585915
0040e2b9-1911-45f3-8f15-a7d83da566f8,System4,System4_2,2024-02-19 02:53:11+00:00,6.102096,True,5.769373142305131
afe38c8b-3178-42b2-848a-bc5aa8ceb9d6,System4,System4_1,2024-02-19 02:53:11+00:00,5.76576,True,5.695910005867486
483310fb-84c8-49d3-8f93-f475cf555aed,System6,System6_1,2024-02-25 00:04:47+00:00,383.1828,True,3.3752952142194306
ea5f99cf-b097-4152-a102-17da732aa8c8,System13,System13_2,2024-02-26 09:31:58+00:00,28.8288,True,3.5363375882461248
5f1c8872-bfe2-4725-863f-20618cbaf18b,System8,System8_3,2024-02-27 18:12:09+00:00,14.4144,True,3.1340657382830206
0f6827dc-3fe8-42bc-b407-d3ca678025fa,System12,System12_3,2024-02-29 22:49:03+00:00,38.4384,True,3.739695247483456
1aad9b70-4376-4f4c-bd81-75c17cde4772,System4,System4_1,2024-03-01 22:42:44+00:00,6.72672,True,6.778226244944027
245553db-5f52-4acf-900b-bb2240766db5,System4,System4_2,2024-03-01 22:42:44+00:00,6.7075008,True,6.454139868377864
6a7a767a-a064-4bd5-8fda-6b81def2f082,System5,System5_1,2024-03-02 00:45:51.500000+00:00,115.3152,True,28.494685156039715
ea5d2009-bcf2-4991-bbb0-21261f25d737,System8,System8_3,2024-03-02 19:57:04+00:00,14.4144,True,3.1340657382830206
a355178b-89d5-4963-af8d-bf58397aff14,System8,System8_3,2024-03-02 22:41:22+00:00,14.4144,True,3.1340657382830206
c761b9e4-2c00-4c2f-b3bc-7c226b74b1fc,System8,System8_3,2024-03-03 17:24:09+00:00,15.6156,True,3.9498934711695117
9bb21982-66e5-4d8a-9430-0df605aa7c7f,System8,System8_3,2024-03-08 18:32:44+00:00,15.0198048,True,3.5452429156578114
51505727-2f99-4bb1-93ef-b90f725bf590,System8,System8_3,2024-03-09 01:30:52+00:00,14.4144,True,3.1340657382830206
bf8ed953-540d-4b73-bc37-6128aae9f710,System6,System6_1,2024-03-09 14:45:16+00:00,383.1828,True,3.3752952142194306
f2c90a26-8217-4b73-88e8-7f49f14c9180,System8,System8_3,2024-03-09 15:38:33+00:00,14.4144,True,3.1340657382830206
b49d152f-f02a-448e-945e-5bbad73201c3,System6,System6_2,2024-03-09 22:17:20+00:00,421.6212,True,3.3139748934732842
9ba54657-7f8d-497e-afb3-3622434611e5,System11,System11_2,2024-03-10 04:35:10.875000+00:00,97.05696,True,3.937544436234165
df4b5082-8816-49f4-9e11-a2ae84437f2b,System6,System6_2,2024-03-10 18:01:56+00:00,421.6212,True,3.3139748934732842
ee276298-54b1-45c0-b35f-0e411f38742d,System8,System8_3,2024-03-13 01:30:10+00:00,15.0198048,True,3.5452429156578114
d3cdd1e5-ff48-4272-89a3-d84a1473d9b4,System8,System8_3,2024-03-13 04:06:29+00:00,14.4144,True,3.1340657382830206
92e123f6-52d4-4045-ace6-ec7a9312e251,System4,System4_1,2024-03-14 05:46:20+00:00,5.76576,True,5.695910005867486
26048387-95cb-4ba3-b9e8-560439a99b90,System4,System4_2,2024-03-14 05:46:20+00:00,5.7273216,True,5.345469930926772
0e5a90ef-ed8a-4ea9-a899-71ce4ce01dab,System11,System11_2,2024-03-18 04:06:59.875000+00:00,82.71943680000001,True,3.002610415058074
7afff33c-8e62-441f-b661-5033432fb013,System13,System13_2,2024-03-19 13:40:51+00:00,28.8288,True,3.5363375882461248
48efe9e8-63e4-4c75-9ab1-ad0d935208fe,System12,System12_3,2024-03-20 10:53:20+00:00,38.4384,True,3.739695247483456
f0afdaa6-ecab-4017-abd6-a2b8f16109d4,System12,System12_4,2024-03-25 12:31:38+00:00,28.8288,True,3.0225098277610543
21a82d43-1153-4949-8b76-411708ef29bb,System12,System12_3,2024-03-29 13:09:52+00:00,38.4384,True,3.739695247483456
ba34a3f8-b98d-4d57-9538-eb75ce7cf5db,System11,System11_2,2024-03-29 13:30:14.875000+00:00,177.05688,True,9.154250687099424
f402c0b1-f3bb-4a86-aeb0-359f190b2210,System6,System6_1,2024-03-29 18:46:29+00:00,383.1828,True,3.3752952142194306
b34139d5-bfcb-4fbd-8a47-774b9d64a541,System12,System12_3,2024-03-31 09:53:26+00:00,38.4384,True,3.739695247483456
a65f64ed-1984-423f-ba7b-dd496e0cb3b5,System12,System12_3,2024-04-01 10:43:43+00:00,48.048,True,5.24976852477226
fa186723-58f3-4a9a-899d-ac9eab8ba3bd,System12,System12_4,2024-04-04 11:21:30+00:00,28.8288,True,3.0225098277610543
4cf824cc-6058-4e63-8fa1-ed4a406a924f,System11,System11_2,2024-04-06 17:12:49.875000+00:00,85.76568,True,3.2012525629889184
f3c43957-debf-4b5b-a981-eb78e72a2be3,System11,System11_2,2024-04-06 19:25:10.875000+00:00,108.5308224,True,4.685742305727633
ee2da863-1861-45fb-8cd2-81d8333113ba,System5,System5_1,2024-04-12 13:47:15+00:00,19.2192,True,3.1506436430684137
370066fd-7420-40e7-8f7d-2ce482abb742,System5,System5_1,2024-04-12 18:12:57+00:00,19.2192,True,3.1506436430684137
91b92fc5-9e73-4aab-9fce-9d1d8eebd070,System12,System12_4,2024-04-15 11:26:29+00:00,28.8288,True,3.0225098277610543
91826b21-3552-4abc-a2f3-1136bb2ea2d0,System5,System5_1,2024-04-16 02:30:55+00:00,31.2312,True,6.318648832189827
8e9cd75e-72dc-4221-a234-96c8654a9cdc,System11,System11_2,2024-04-18 02:26:13.250000+00:00,93.1362432,True,3.6818788325881555
8b4c4ffe-19f6-4765-935c-034f4d9124db,System12,System12_4,2024-04-18 14:00:36.500000+00:00,28.8288,True,3.0225098277610543
fad0a251-5794-4083-92be-568a687c1578,System4,System4_1,2024-04-20 13:12:27.625000+00:00,4.8048,True,4.6135937667909435
e0cbe89f-f890-4070-94f6-432b81bb8188,System4,System4_1,2024-04-23 10:30:02.625000+00:00,4.8048,True,4.6135937667909435
c82df74f-8e03-4bde-9413-205c5ff26c98,System11,System11_2,2024-04-25 00:27:56.250000+00:00,102.6593568,True,4.302870531640104
00e5fd1f-e6b1-4549-b420-4d55278e6985,System12,System12_4,2024-04-28 11:53:27.500000+00:00,28.8288,True,3.0225098277610543
85acc4b4-949e-401a-b74d-9070097771c0,System8,System8_2,2024-05-01 03:13:44.500000+00:00,31.2312,True,3.171896760502164
d7b11b57-12a5-4522-bf3d-f41abda1e262,System13,System13_2,2024-05-03 15:30:28+00:00,28.8288,True,3.5363375882461248
b3851bf1-105f-405a-9522-2fe1dd1cee3f,System6,System6_1,2024-05-04 13:03:21.375000+00:00,383.1828,True,3.3752952142194306
8294562c-385e-4653-8c91-1b7f35df04b6,System6,System6_2,2024-05-04 13:03:22.375000+00:00,421.6212,True,3.3139748934732842
df5c59ee-f9ed-4e33-8b1b-c0cecd3787f0,System4,System4_1,2024-05-06 01:32:39.625000+00:00,4.8048,True,4.6135937667909435
3cb76997-748d-4b6a-bd5f-d9eee09426e5,System4,System4_2,2024-05-06 01:32:39.625000+00:00,3.9783744,True,3.36725494449443
f6f08bc8-3b36-46b7-a616-12138f085a7d,System5,System5_1,2024-05-09 12:30:06+00:00,28.8288,True,5.685047794365544
6403b9ea-624b-40c5-b38c-cbbd7d36fcce,System8,System8_2,2024-05-12 15:54:05.500000+00:00,34.8348,True,3.856066709391273
857a162d-b7f7-45a2-9f83-8ccf910910c9,System8,System8_2,2024-05-12 23:10:53.500000+00:00,37.2372,True,4.312180008650679
bf9ea822-d527-4af5-8cfc-6b3f62d235d0,System6,System6_2,2024-05-13 03:15:59.375000+00:00,421.6212,True,3.3139748934732842
f5731b65-2d2c-4021-aca8-1f3a0a5e810e,System6,System6_1,2024-05-13 03:16:02.375000+00:00,421.6212,True,3.8930292677355984
ae2e3fab-bb4d-47db-a81f-a7949a26a968,System8,System8_1,2024-05-14 12:38:12+00:00,18.018,True,3.401964396474141
57c2c375-2aa0-4a70-bcf2-b928efe76cc0,System8,System8_2,2024-05-14 14:54:17.500000+00:00,31.836604800000003,True,3.286837311915535
7d701fb8-4e9a-4705-9a47-d4197e224c4a,System12,System12_3,2024-05-18 15:11:48.500000+00:00,38.4384,True,3.739695247483456
2b6a3a95-8609-4f91-a2cd-4982ce9b6344,System13,System13_2,2024-05-19 09:28:21+00:00,28.8288,True,3.5363375882461248
1668ccdd-baa2-4cca-abce-5cbf3f6247aa,System8,System8_1,2024-05-19 18:43:03+00:00,18.018,True,3.401964396474141
bd2c8224-8d56-4bfc-b41b-23de0e5cc8ee,System8,System8_1,2024-05-19 21:19:25+00:00,19.824604800000003,True,4.236286953756847
2a93a541-fa50-4c15-93a5-22ddb0ded277,System6,System6_1,2024-05-19 23:57:20.375000+00:00,421.6212,True,3.8930292677355984
2be90a19-793f-40df-8af9-c0ce9c3e4159,System6,System6_2,2024-05-20 02:23:57.375000+00:00,421.6212,True,3.3139748934732842
e55952f2-9387-4694-af08-405cf1a23cf0,System4,System4_1,2024-05-20 17:46:47.625000+00:00,4.8048,True,4.6135937667909435
13204088-d30a-453e-b8cc-06486ca9a504,System8,System8_2,2024-05-21 23:45:47.500000+00:00,38.4384,True,4.5402366582803815
5513b79c-73dd-4515-b2f8-bd6b92b1f005,System13,System13_2,2024-05-22 11:18:23+00:00,28.8288,True,3.5363375882461248
4f71359c-abe1-4154-a49d-072714c979c8,System4,System4_2,2024-05-22 22:59:55.625000+00:00,5.8234176,True,5.454163062049428
89021261-8573-417e-8d23-c61941a93e65,System4,System4_1,2024-05-22 22:59:55.625000+00:00,5.76576,True,5.695910005867486
59c38ff9-d92e-4fe5-b8f7-95ce4b50d4c2,System8,System8_4,2024-05-23 03:37:46.500000+00:00,9.6096,True,3.2198547735438607
e2c450c5-ebff-4e72-b499-268e36077cac,System13,System13_1,2024-05-23 11:12:34+00:00,38.4384,True,4.108026194178823
ae0c8ce2-17a5-4bab-b4d3-c6be62526440,System5,System5_1,2024-05-24 13:41:05+00:00,21.6216,True,3.7842446808926966
307dd0fa-a676-4327-92e5-dcdf49a08d79,System12,System12_3,2024-05-26 13:17:39.500000+00:00,38.4384,True,3.739695247483456
78d80e5b-ca5f-4e35-8415-3bd6500ed1ff,System8,System8_2,2024-05-26 23:28:28.500000+00:00,30.635404800000003,True,3.058780662285832
f5f65850-950d-49ca-a050-a5059a985657,System8,System8_4,2024-06-01 23:42:15.500000+00:00,9.6096,True,3.2198547735438607
4ea7d7fb-a017-4c82-b74d-bbb0ccea57e0,System8,System8_4,2024-06-04 20:00:52.500000+00:00,9.6096,True,3.2198547735438607
fd43ce6e-e3de-41ce-8df8-1b64feca6daf,System11,System11_2,2024-06-07 14:12:35.250000+00:00,84.72784320000001,True,3.1335763737885047
e4ab5174-7d92-4948-a3a8-0174753f79d5,System6,System6_1,2024-06-07 14:52:29.375000+00:00,421.6212,True,3.8930292677355984
f2e2ac30-2663-496a-b1f0-8bbe3889bc00,System6,System6_1,2024-06-07 21:57:46.375000+00:00,383.1828,True,3.3752952142194306
02dcebb3-baea-49be-afe2-60623a4a6d70,System12,System12_3,2024-06-12 11:06:39.500000+00:00,38.4384,True,3.739695247483456
e0e85c96-2d85-49b8-899f-fe365654b598,System13,System13_2,2024-06-13 12:53:45+00:00,28.8288,True,3.5363375882461248
7a64b591-ec4d-4550-8d6b-d650a9ffbaa6,System8,System8_2,2024-06-16 02:15:09.500000+00:00,38.4384,True,4.5402366582803815
5b0faaa1-32dd-4197-95f5-6085460282aa,System12,System12_4,2024-06-19 12:44:46.500000+00:00,28.8288,True,3.0225098277610543
b4c452a1-f4f3-4343-92a2-b603a8425728,System8,System8_2,2024-06-20 16:52:30.500000+00:00,32.4324,True,3.399953410131867
757eb4e1-aac0-4d2c-9fcd-e32952c70cd5,System4,System4_1,2024-06-20 20:26:54.625000+00:00,5.76576,True,5.695910005867486
1de1521a-f481-417f-b788-832f20ebe333,System4,System4_2,2024-06-20 20:26:54.625000+00:00,5.7753696,True,5.3998164964881
2a844ccf-e2e3-415d-80b0-a223b445025f,System8,System8_2,2024-06-20 21:52:45.500000+00:00,38.4384,True,4.5402366582803815
3d05e715-881b-474c-96b0-98271b3ced21,System8,System8_4,2024-06-21 17:52:52.500000+00:00,9.6096,True,3.2198547735438607
92cbeda1-c62f-4c58-a85f-c4832c68cecc,System13,System13_2,2024-06-22 13:44:58+00:00,28.8288,True,3.5363375882461248
76a6f344-0a6c-4f96-9c5d-05760a3fbbc6,System4,System4_1,2024-06-24 02:43:36.625000+00:00,4.8048,True,4.6135937667909435
cc0bac1d-2cee-403e-a3db-45f25229f07e,System4,System4_2,2024-06-24 02:43:36.625000+00:00,3.7765728,True,3.1389993691368527
422b9c03-9145-4098-8eff-0f8c86159831,System6,System6_1,2024-06-24 03:06:24.375000+00:00,383.1828,True,3.3752952142194306
31f79766-3b8b-4aec-9c73-480be732c9d2,System13,System13_2,2024-06-24 14:19:46+00:00,28.8288,True,3.5363375882461248
6ae18e02-e1e5-48b8-a198-68f49da5e484,System8,System8_2,2024-06-24 17:14:14.500000+00:00,34.8348,True,3.856066709391273
d55e3eee-bae6-4788-a59f-ef846cf629f2,System8,System8_4,2024-06-25 03:26:14.500000+00:00,10.8108,True,4.232166036001884
06bc4d28-5ef3-4108-90bc-bf64c8eb85ef,System8,System8_2,2024-06-25 22:47:07.500000+00:00,31.2312,True,3.171896760502164
ba58e319-17e7-4781-bc0e-a3919980fb69,System11,System11_1,2024-06-26 00:22:37.250000+00:00,102.102,True,3.028323635154327
e63e8ce9-63b4-43bd-9996-24917fc11455,System4,System4_1,2024-06-26 23:22:02.625000+00:00,3.84384,True,3.5312775277144013
dd96b0b4-1554-4737-8b3c-2ca3ad395ad6,System12,System12_3,2024-06-28 00:20:10.500000+00:00,38.4384,True,3.739695247483456
97ea5253-9c8c-430b-bdae-6915fbb9f512,System12,System12_4,2024-06-28 11:35:56.500000+00:00,28.8288,True,3.0225098277610543
81803dc4-5188-4403-9adc-b403526195fb,System8,System8_2,2024-07-02 21:20:55.500000+00:00,30.635404800000003,True,3.058780662285832
6e009786-d3ca-43c8-80aa-744be7338b2d,System7,System7_1,2024-07-03 00:19:49+00:00,724.9290048,True,13.017925317614356
8f03f497-d577-402d-9288-078b71cdc490,System12,System12_4,2024-07-04 11:05:28.500000+00:00,28.8288,True,3.0225098277610543
3003844e-a910-4e94-b910-dc0ae8801beb,System8,System8_2,2024-07-04 19:20:32.500000+00:00,34.8348,True,3.856066709391273
c34c2b42-61c6-447b-b5f9-142041cd0862,System8,System8_2,2024-07-05 01:03:45.500000+00:00,36.6414048,True,4.1990639104343455
2866e0b2-a1b9-4043-b0d0-0bec58ad99eb,System8,System8_2,2024-07-06 11:08:31.500000+00:00,37.8426048,True,4.427120560064048
09e00a5f-3300-4df0-b1ce-e6f17aa3717e,System6,System6_2,2024-07-08 02:23:38.375000+00:00,421.6212,True,3.3139748934732842
5c2ba9c5-9607-4a7f-8ea2-f8211893692b,System12,System12_4,2024-07-09 10:29:19.500000+00:00,28.8288,True,3.0225098277610543
29d0273d-7a5b-4c34-b4c0-0ab58af1d91a,System5,System5_1,2024-07-10 12:16:13+00:00,24.024,True,4.417845718716979
76d17ae6-92b3-4b2a-ae6e-b8c9831baada,System13,System13_2,2024-07-14 12:19:55+00:00,28.8288,True,3.5363375882461248
9e3765ee-ba5e-4be8-acdc-22c21915401a,System12,System12_4,2024-07-14 12:20:57.500000+00:00,28.8288,True,3.0225098277610543
3ff84ee1-239a-4d59-b6a8-1cf958c5fcb5,System7,System7_1,2024-07-14 20:31:06+00:00,752.5566048000001,True,12.064909404226642
392e7f22-4969-4788-bc89-1358b4755893,System6,System6_2,2024-07-15 17:15:46.375000+00:00,498.4980000000001,True,4.261858860175712
d4b469b2-3e36-4437-b356-1dc0161541bb,System12,System12_4,2024-07-17 12:52:27.500000+00:00,28.8288,True,3.0225098277610543
a72c3b4b-3676-4dbf-b16a-456af42ab5c7,System5,System5_1,2024-07-21 20:38:57+00:00,60.06,True,13.921861286081217
827da827-8725-43b7-87c0-7601fe0080bc,System13,System13_1,2024-07-27 09:34:49+00:00,38.4384,True,4.108026194178823
59af5266-efe1-49a5-8520-f5bf2bf44b9d,System13,System13_2,2024-07-28 14:10:48+00:00,28.8288,True,3.5363375882461248
35ca4b4a-c4ce-462f-a959-f68b163ea136,System12,System12_4,2024-07-28 14:11:55.500000+00:00,28.8288,True,3.0225098277610543
c0b06865-7c1e-4f0a-adc4-4ec4af6a94c4,System4,System4_1,2024-07-28 18:10:42.625000+00:00,5.76576,True,5.695910005867486
df7afe0c-4350-4020-aa57-3f878c628e43,System4,System4_2,2024-07-28 18:10:42.625000+00:00,5.400595200000001,True,4.975913285109741
c0de73a0-9f08-467b-8e95-51d138fe20a1,System6,System6_2,2024-07-28 20:15:24.375000+00:00,421.6212,True,3.3139748934732842
21332475-9722-41a4-a4bb-f11986ee6a7a,System6,System6_1,2024-07-28 20:15:27.375000+00:00,383.1828,True,3.3752952142194306
465df1bd-ca04-4f9a-bf97-a2ba7b558046,System8,System8_4,2024-07-30 17:42:44.500000+00:00,9.6096,True,3.2198547735438607
ec53d36c-5601-4e66-b547-df104426d692,System13,System13_2,2024-08-02 10:57:03+00:00,28.8288,True,3.5363375882461248
4ddacd69-1ed1-406c-9bce-aece1f1a4375,System12,System12_4,2024-08-09 15:12:57.500000+00:00,28.8288,True,3.0225098277610543
067bbd7b-887e-4019-990c-febe2caf8559,System13,System13_1,2024-08-12 11:03:21+00:00,38.4384,True,4.108026194178823
4380c4eb-3547-49c5-ae68-b8ddae3c3e7f,System8,System8_2,2024-08-13 00:56:54.500000+00:00,30.635404800000003,True,3.058780662285832
b69d2bd9-0e73-4b2e-947d-c8bcc68c53d6,System8,System8_2,2024-08-14 00:10:49.500000+00:00,32.4324,True,3.399953410131867
e216c05a-e162-4ae1-89aa-f783579eb79e,System8,System8_2,2024-08-15 11:31:11.500000+00:00,32.4324,True,3.399953410131867
b4043487-b807-443f-a802-46186cc9985b,System6,System6_2,2024-08-15 21:06:51.375000+00:00,421.6212,True,3.3139748934732842
c5abe4ba-cce9-4bed-b6ea-a68821967a76,System13,System13_2,2024-08-16 13:17:15+00:00,28.8288,True,3.5363375882461248
6246a051-d2af-4526-842e-72258c821a34,System12,System12_4,2024-08-16 13:18:24.500000+00:00,28.8288,True,3.0225098277610543
96c3ee5c-2c29-4ca5-97e0-557d35763249,System11,System11_1,2024-08-16 22:49:23.250000+00:00,167.1301632,True,6.2204622786459245
980f2f54-ca0d-4743-9063-d7a19e85648c,System13,System13_2,2024-08-17 14:20:38+00:00,28.8288,True,3.5363375882461248
8e10766a-d979-463f-9a08-68232bdfa72c,System6,System6_2,2024-08-21 04:23:48.375000+00:00,421.6212,True,3.3139748934732842
541dc716-4800-4ea0-b5dc-9ac86e5e5f76,System6,System6_1,2024-08-21 06:10:33.375000+00:00,460.0596000000001,True,4.410763321251768
95c5011e-ac20-4e96-993b-b137b2cc8b00,System8,System8_2,2024-08-23 01:34:59.500000+00:00,36.6414048,True,4.1990639104343455
e125994b-507b-42a3-804e-8d6da8bb84f5,System8,System8_2,2024-08-25 16:46:29.500000+00:00,31.2312,True,3.171896760502164
6e6eac22-ba86-47cd-8ea2-5723486cedf6,System13,System13_2,2024-08-26 12:52:51+00:00,28.8288,True,3.5363375882461248
cc0b0e0b-2c6a-4d51-9bcb-cad1b1479957,System8,System8_2,2024-08-29 20:10:50.500000+00:00,30.635404800000003,True,3.058780662285832
f806ab05-5a36-4f4e-b9f0-0034b6bb47b4,System6,System6_2,2024-08-29 23:54:29.375000+00:00,421.6212,True,3.3139748934732842
64782a0d-f540-41d4-8b84-d834ae9213db,System9,System9_1,2024-09-06 03:15:47.500000+00:00,6034.8288,True,3.5181659826256038
23a13b8e-8c57-4c18-9839-68645b5f4bba,System6,System6_1,2024-09-06 23:48:24.375000+00:00,383.1828,True,3.3752952142194306
cf365e96-9a49-4156-a0e3-09a2a85c65b0,System8,System8_2,2024-09-07 14:00:25.500000+00:00,31.2312,True,3.171896760502164
4775208d-895a-40b9-892d-b602b441383d,System8,System8_2,2024-09-08 23:40:26.500000+00:00,37.8426048,True,4.427120560064048
8ac73753-0516-4bae-90fa-a9639c24c270,System6,System6_2,2024-09-11 11:57:15.375000+00:00,460.0596000000001,True,3.787916876824499
d18a0f60-8734-47df-9162-a973b0a8dc00,System8,System8_3,2024-09-11 12:14:51+00:00,15.6156,True,3.9498934711695117
38fb13a2-861c-42ea-b630-59ba5b05b854,System8,System8_2,2024-09-11 14:45:32.500000+00:00,33.0378048,True,3.514893961545238
ab513832-287a-46e4-bc7d-983eea4924b3,System6,System6_2,2024-09-12 14:33:36.375000+00:00,421.6212,True,3.3139748934732842
5ea31e8e-f869-4ce0-b7da-f4995f6ba7ce,System4,System4_2,2024-09-12 16:25:35.625000+00:00,5.8330272,True,5.465032375161694
2b301391-397e-4730-86a7-9b3ad1caf290,System4,System4_1,2024-09-12 16:25:35.625000+00:00,5.76576,True,5.695910005867486
d1d4b52c-bc6e-4782-80d8-ff16bbe43779,System1,System1_3,2024-09-18 16:28:07.625000+00:00,603.48288,True,3.009833252411012
750bb13b-bda7-495f-8b61-929343c259d0,System7,System7_1,2024-09-18 18:00:49+00:00,729.1284,True,12.873066898779424
0cebb2b2-80ee-4b58-98e2-8586d1609f5f,System1,System1_3,2024-09-18 18:01:59.625000+00:00,610.2096,True,3.143436697094814
5dbfc6dc-4a14-42f3-b68d-98a5a0eb7493,System13,System13_2,2024-09-20 13:31:59+00:00,28.8288,True,3.5363375882461248
7d0a199d-6677-4dac-a4d4-29d9c5e621b1,System12,System12_3,2024-09-22 13:43:24.500000+00:00,38.4384,True,3.739695247483456
4e806f64-7830-4ff3-a41b-35d15f2ce1bb,System8,System8_1,2024-09-22 22:28:51+00:00,17.4222048,True,3.1268154680085676
7b0961ae-09a2-4261-8f23-d7d0eb9692ab,System11,System11_2,2024-09-23 11:58:28+00:00,84.91042560000001,True,3.145482370036726
8aab3fec-301a-480e-a998-a81889a49c19,System12,System12_4,2024-09-29 10:55:20.500000+00:00,28.8288,True,3.0225098277610543
6a2a7f08-6212-4239-8c97-3da4a407e8fe,System4,System4_2,2024-09-29 21:26:16.625000+00:00,4.7279232,True,4.215061367251148
a616b815-c047-4db4-bc8b-5004614b1462,System4,System4_1,2024-09-29 21:26:16.625000+00:00,5.76576,True,5.695910005867486
a55d6f5a-4bd6-4b51-a02c-f18357ad4556,System8,System8_1,2024-09-30 12:54:19+00:00,20.4204,True,4.511435882222418
bad66894-bbf1-4a55-b63f-17a80ac25ae1,System12,System12_4,2024-10-01 13:38:39.500000+00:00,28.8288,True,3.0225098277610543
82f634dc-777e-4839-9128-4924ff0446c9,System12,System12_4,2024-10-02 13:18:52.500000+00:00,28.8288,True,3.0225098277610543
75acb2b6-f4c4-4bf2-8cf9-e48ec9fe5799,System5,System5_1,2024-10-03 12:06:31+00:00,24.024,True,4.417845718716979
6b3360cc-6bb9-4c1a-98d0-07d615981164,System8,System8_2,2024-10-03 16:41:06.500000+00:00,36.036,True,4.084123359020976
83c3b4c1-ddcf-48f9-a69d-81fdaa448ebd,System12,System12_3,2024-10-04 16:06:07.500000+00:00,48.048,True,5.24976852477226
d855ecca-20bb-413d-91c5-06d78a710fb2,System12,System12_4,2024-10-05 11:28:00.500000+00:00,28.8288,True,3.0225098277610543
4924b74a-2040-4833-a3ee-f6fdfbe15605,System8,System8_2,2024-10-05 22:41:35.500000+00:00,31.2312,True,3.171896760502164
7bda69ee-d42d-4d39-b56d-78a824c498e9,System6,System6_2,2024-10-05 23:23:06.375000+00:00,421.6212,True,3.3139748934732842
0d38b3f0-0bc1-4b45-9f3f-b5b88d757aed,System11,System11_2,2024-10-08 15:51:28.250000+00:00,83.12304,True,3.0289289330804565
3ad6c436-3b15-4787-9ad1-c128c0009cca,System13,System13_2,2024-10-09 10:55:41+00:00,28.8288,True,3.5363375882461248
a7d34673-a9f4-433f-a20a-c7caac74235e,System13,System13_2,2024-10-10 11:41:10+00:00,28.8288,True,3.5363375882461248
1182a2f7-8612-4112-9c1e-6f8af14a8568,System13,System13_2,2024-10-11 14:54:22+00:00,28.8288,True,3.5363375882461248
d6076311-cc69-4c47-af3b-544b92d9586f,System12,System12_4,2024-10-11 14:55:30.500000+00:00,28.8288,True,3.0225098277610543
95c2409b-f946-4e51-9034-101c1feec6c6,System8,System8_1,2024-10-14 07:29:14+00:00,17.4222048,True,3.1268154680085676
055697db-1153-45ac-8b95-a54a3a106cd0,System4,System4_1,2024-10-14 12:48:02.625000+00:00,4.8048,True,4.6135937667909435
880cd492-8522-4a53-bfa0-f63487b491a6,System4,System4_2,2024-10-14 12:48:02.625000+00:00,3.9687648,True,3.356385631382165
c982e7c5-258b-49dc-8167-a9a6cbf6ae07,System11,System11_2,2024-10-16 20:00:54.250000+00:00,93.0497568,True,3.676239150154788
a225fa8f-be20-424c-8825-c972dd84ce62,System6,System6_1,2024-10-19 01:07:39.375000+00:00,383.1828,True,3.3752952142194306
f101f013-8945-49cc-966d-23a0eae6d5dc,System6,System6_2,2024-10-19 01:16:12.375000+00:00,421.6212,True,3.3139748934732842
1b2cf804-0f10-4e6c-b3a6-f41e39d49873,System5,System5_1,2024-10-22 21:15:41+00:00,38.4384,True,8.219451945662675
4b285e79-e5a6-46e4-bddd-2b5fec0a40dc,System3,System3_2,2024-10-25 04:34:13.625000+00:00,29078.6496,True,3.246873127692345
6904f7ff-6d3f-45d3-ad6c-acb74cd39d95,System8,System8_2,2024-10-26 14:26:48.500000+00:00,31.2312,True,3.171896760502164
dad535c4-2565-4e95-b366-dece106e6662,System8,System8_2,2024-10-26 21:10:24.500000+00:00,33.0378048,True,3.514893961545238
123f2faa-144e-41ff-bfb0-75f36ae5ef87,System8,System8_2,2024-10-27 23:20:59.500000+00:00,34.239004800000004,True,3.742950611174941
0e968e32-f821-47c3-b0a0-e5d491687aa9,System8,System8_2,2024-10-31 15:13:52.500000+00:00,31.2312,True,3.171896760502164
7cb485a4-3f98-479e-a3c2-44b091cdc699,System8,System8_2,2024-11-01 01:19:54.500000+00:00,31.2312,True,3.171896760502164
10af1c37-807e-44d0-8cc7-0d91ab245e4b,System6,System6_1,2024-11-03 01:51:35.375000+00:00,383.1828,True,3.3752952142194306
eb0338ec-f20b-4171-be80-336d4e1c380d,System4,System4_1,2024-11-03 14:35:19.625000+00:00,3.84384,True,3.5312775277144013
cd3c2584-c71c-4a99-a399-a936e087aa42,System8,System8_2,2024-11-04 02:05:54.500000+00:00,34.8348,True,3.856066709391273
f2fa14cd-3010-4c2b-890c-d2571bf4f89b,System12,System12_4,2024-11-05 14:57:27.500000+00:00,28.8288,True,3.0225098277610543
272ff8fa-68a0-4ee1-9fe4-9bcee85a2a8e,System8,System8_4,2024-11-08 21:37:50.500000+00:00,9.6096,True,3.2198547735438607
f3f49fc0-1a0e-40f4-aa45-447f7d82dd7e,System6,System6_2,2024-11-10 14:45:28.375000+00:00,460.0596000000001,True,3.787916876824499
83da7193-7157-4efc-b9ca-abbc8aa62892,System13,System13_1,2024-11-11 14:55:53+00:00,48.048,True,5.725940295029239
62d443e2-e7b0-43a5-b98f-7722f2e32dce,System6,System6_1,2024-11-11 17:48:44.375000+00:00,460.0596000000001,True,4.410763321251768
8fb3a14a-c254-4114-81b7-314f28541a62,System6,System6_2,2024-11-11 17:48:45.375000+00:00,460.0596000000001,True,3.787916876824499
ed169f61-3594-4f91-9743-0dfa2d363bdf,System6,System6_1,2024-11-15 01:29:16.375000+00:00,421.6212,True,3.8930292677355984
0f9e428b-0bf4-4ff1-b2be-4deb68730a10,System6,System6_2,2024-11-15 01:29:21.375000+00:00,421.6212,True,3.3139748934732842
6dbc2f38-e12a-4f7d-ac48-20c69414dbae,System8,System8_4,2024-11-17 03:10:56.500000+00:00,9.6096,True,3.2198547735438607
580d4bd7-ac76-4551-8258-35e533f1b24f,System6,System6_1,2024-11-17 04:31:00.375000+00:00,383.1828,True,3.3752952142194306
fd8e3851-b62d-4065-8fa1-b8c31da0d540,System6,System6_2,2024-11-17 15:24:01.375000+00:00,536.9364,True,4.735800843526925
b12782d4-61d6-44e8-be55-00c1a17417e9,System6,System6_1,2024-11-18 23:47:50.375000+00:00,383.1828,True,3.3752952142194306
efa8aefd-1b55-4862-9c12-47613f81bada,System8,System8_4,2024-11-20 03:44:25.500000+00:00,9.6096,True,3.2198547735438607
916c63cf-db43-41c2-b082-1f31d1e626dc,System6,System6_1,2024-11-20 03:58:28.375000+00:00,383.1828,True,3.3752952142194306
c59f1863-1f32-4f20-9de5-4c194ed7dcf4,System8,System8_2,2024-11-24 16:54:34.500000+00:00,31.836604800000003,True,3.286837311915535
276ad79f-117f-4ae6-ae72-ced638aeb06a,System4,System4_2,2024-11-25 02:45:33.625000+00:00,5.5639584,True,5.160691608018256
a0c46f85-8989-4523-a7c7-31165fc2edaf,System4,System4_1,2024-11-25 02:45:33.625000+00:00,5.76576,True,5.695910005867486
cbd8d00a-7cf8-4a76-9c53-a716829a203f,System11,System11_2,2024-11-25 17:28:49.250000+00:00,128.45152320000005,True,5.984749159546697
42b7b62f-b05a-449e-a0b6-281f5fa76563,System11,System11_1,2024-11-27 04:05:57.250000+00:00,105.3884832,True,3.1896523504009826
4e9f74f0-9c80-43b5-b658-bbcf56931e50,System8,System8_2,2024-11-27 15:43:43.500000+00:00,31.2312,True,3.171896760502164
0617dafa-dd1f-4a73-8129-f1eb98c9b05a,System13,System13_2,2024-11-28 14:46:14+00:00,28.8288,True,3.5363375882461248
6793c870-841c-42ab-960d-9bfdbf5ecda1,System12,System12_4,2024-11-28 14:47:14.500000+00:00,28.8288,True,3.0225098277610543
e272ee8e-a7c1-438a-8100-077169a37fbb,System13,System13_2,2024-11-29 14:12:36+00:00,28.8288,True,3.5363375882461248
d79935dd-ba87-44ec-b816-5d5770116fbe,System8,System8_2,2024-11-30 16:54:29.500000+00:00,36.6414048,True,4.1990639104343455
19e26985-e7d2-4af7-9c31-0bd81a572931,System6,System6_1,2024-11-30 21:05:17.375000+00:00,421.6212,True,3.8930292677355984
ba9288e9-680c-4d95-9022-afa3a75adb19,System6,System6_1,2024-12-01 02:17:45.375000+00:00,460.0596000000001,True,4.410763321251768
bef0ba50-6e73-4b7e-8401-60c2f6d4ac3c,System6,System6_1,2024-12-01 20:27:46.375000+00:00,421.6212,True,3.8930292677355984
aca61e7c-772f-476a-84b2-898c976bc237,System8,System8_1,2024-12-01 20:48:40+00:00,17.4222048,True,3.1268154680085676
aa2e6b4e-7095-4eff-ae56-40ce8d12dcb9,System6,System6_1,2024-12-02 02:51:11.375000+00:00,383.1828,True,3.3752952142194306
b1029d9d-10b1-41e6-a9e3-f811025d4143,System6,System6_1,2024-12-02 15:14:55.375000+00:00,383.1828,True,3.3752952142194306
59b18ae2-cf0e-4652-8460-9f57be64bc81,System6,System6_1,2024-12-03 04:10:33.375000+00:00,421.6212,True,3.8930292677355984
a0ea6c6e-001d-45f5-ac54-a534bc2ff5fc,System6,System6_1,2024-12-03 15:11:50.375000+00:00,421.6212,True,3.8930292677355984
ade6fbe6-3152-4832-b0cb-785f0cde8a8f,System3,System3_3,2024-12-03 22:22:22.625000+00:00,30750.72,True,3.180269609600741
675c7e45-d48c-43ce-9b21-9ce470fd64a6,System6,System6_1,2024-12-04 00:46:06.375000+00:00,383.1828,True,3.3752952142194306
f22afc90-ef0d-4cf2-9063-8022e2362762,System11,System11_2,2024-12-05 00:07:30.125000+00:00,96.7878912,True,3.9199987575525763
47621e80-a068-4d74-b788-9effce449dda,System6,System6_1,2024-12-05 02:29:08.375000+00:00,460.0596000000001,True,4.410763321251768
856c4aa7-fc7f-4af2-8e67-4bf9518f1820,System12,System12_4,2024-12-05 13:56:18.500000+00:00,28.8288,True,3.0225098277610543
9e169887-d8b8-495f-9cd6-cd4e4c5f481d,System6,System6_1,2024-12-05 21:04:02.375000+00:00,460.0596000000001,True,4.410763321251768
f2602f15-ce5c-4075-8a03-4268ab6c05f8,System6,System6_1,2024-12-06 02:06:26.375000+00:00,460.0596000000001,True,4.410763321251768
9c3ff747-528a-4de0-b197-64a432ac08ac,System5,System5_1,2024-12-06 05:27:36+00:00,19.2192,True,3.1506436430684137
9b72ed81-d809-4fa9-bab6-0249d7516307,System6,System6_1,2024-12-06 20:18:29.375000+00:00,383.1828,True,3.3752952142194306
ef06ef9e-4a73-441c-a471-3601c1c9771b,System6,System6_1,2024-12-07 02:30:04.375000+00:00,421.6212,True,3.8930292677355984
2bce0a08-44ac-4770-bc67-3ef9bb0f3c61,System6,System6_2,2024-12-11 16:16:19.375000+00:00,421.6212,True,3.3139748934732842
f38bc320-ecc3-473a-832d-01a05637f312,System6,System6_1,2024-12-11 16:16:22.375000+00:00,383.1828,True,3.3752952142194306
0e5f8c73-6600-43ce-b89f-45c83369d05d,System6,System6_1,2024-12-12 21:10:08.375000+00:00,383.1828,True,3.3752952142194306
23977b9b-7b2c-4725-8475-f34bbdc4e015,System6,System6_2,2024-12-14 19:40:54.375000+00:00,421.6212,True,3.3139748934732842
7fc0d095-ae20-42b4-8a59-41a536def6bf,System8,System8_2,2024-12-18 01:53:51.500000+00:00,36.036,True,4.084123359020976
ebc1bb9e-ff46-47b3-9611-8edf8a7f309f,System6,System6_1,2024-12-18 22:55:01.375000+00:00,383.1828,True,3.3752952142194306
437fad0e-3389-4d35-8b03-676e443e6008,System8,System8_2,2024-12-23 00:29:26.500000+00:00,34.8348,True,3.856066709391273
ee210bb4-5923-4381-b8cb-ee50818b6785,System6,System6_1,2024-12-23 02:49:10.375000+00:00,383.1828,True,3.3752952142194306
8114d02b-b484-4c83-81e8-1c0a842ac19f,System6,System6_1,2024-12-23 19:39:52.375000+00:00,383.1828,True,3.3752952142194306
28a9d5b0-bc28-434b-b9b8-2fac5363c669,System8,System8_1,2024-12-28 18:27:35+00:00,18.018,True,3.401964396474141
77c3439f-392e-4c0b-a00a-2901e610e4e4,System6,System6_2,2024-12-29 00:34:47.375000+00:00,460.0596000000001,True,3.787916876824499
50aee85d-0929-4af5-a7be-ec8741e36e98,System8,System8_2,2024-12-30 18:09:02.500000+00:00,34.239004800000004,True,3.742950611174941
3acb4895-5a25-4353-9ce7-3e47bc3f3969,System11,System11_1,2024-12-30 22:59:12.250000+00:00,202.28208,True,7.946019121839699
268962a4-2e1e-427b-9171-01314b605b37,System12,System12_4,2024-12-31 15:14:00.500000+00:00,28.8288,True,3.0225098277610543
7bb644be-fc3b-4786-bbfd-c9dcf886ea1e,System13,System13_2,2025-01-03 13:58:00+00:00,28.8288,True,3.5363375882461248
d4a37e58-5026-485a-8c2e-53e53c398acd,System6,System6_1,2025-01-06 02:37:59.375000+00:00,421.6212,True,3.8930292677355984
10c3023d-5bf1-4aef-beb7-9ab29566e4d3,System6,System6_2,2025-01-06 02:38:08.375000+00:00,421.6212,True,3.3139748934732842
f1292ae9-3a41-4cc8-90c2-804748d28b28,System6,System6_1,2025-01-06 14:45:46.375000+00:00,421.6212,True,3.8930292677355984
e12c319c-741f-48e9-95a3-f90089e11744,System4,System4_1,2025-01-08 20:19:23.625000+00:00,3.84384,True,3.5312775277144013
d96cb9b0-0c8c-448a-a6e0-ae5991820113,System6,System6_1,2025-01-09 01:27:11.375000+00:00,460.0596000000001,True,4.410763321251768
f16ed83e-d7df-460a-bda2-9260314545f2,System6,System6_2,2025-01-10 16:36:07.375000+00:00,498.4980000000001,True,4.261858860175712
2371815a-224b-4dd3-a64e-d3e6bf689535,System6,System6_2,2025-01-12 18:28:34.375000+00:00,498.4980000000001,True,4.261858860175712
884aa97d-1e69-4b31-b0a1-31d2a7398b11,System6,System6_1,2025-01-13 15:08:56.375000+00:00,383.1828,True,3.3752952142194306
209631a3-8828-4215-9deb-d74ba13ce1df,System6,System6_2,2025-01-14 04:00:39.375000+00:00,421.6212,True,3.3139748934732842
b804318c-6402-40fd-a634-bdf231f63bb8,System6,System6_1,2025-01-15 05:35:44.375000+00:00,383.1828,True,3.3752952142194306
6db5dd19-8e7e-4deb-a3b5-b0dbb0103f57,System1,System1_1,2025-01-15 17:11:49.625000+00:00,641.92128,True,3.362042526635441
e80b45f5-d801-43db-a62b-b81cd97127ac,System1,System1_1,2025-01-15 18:42:54.625000+00:00,656.33568,True,3.7009469937524373
9edf98dc-edc2-4716-9a5c-6a07fd38d036,System6,System6_2,2025-01-15 20:59:54.375000+00:00,460.0596000000001,True,3.787916876824499
fbef7233-eb9c-4e27-afbe-2b3331b8357d,System11,System11_2,2025-01-15 21:20:15.250000+00:00,84.00712320000001,True,3.086579020177106
e7668c5f-bcc1-45c3-81d8-89cd2021fe37,System8,System8_1,2025-01-15 22:44:03+00:00,17.4222048,True,3.1268154680085676
1e772252-73c4-4da3-9f8f-d8d7e59438b4,System5,System5_1,2025-01-18 16:55:18.625000+00:00,19.2192,True,3.1506436430684137
0fc78e87-528d-4ebe-babb-74f3e8b84ab9,System8,System8_1,2025-01-18 17:12:14+00:00,22.8228,True,5.620907367970696
0b582bc5-559e-450f-b91c-028bbe919541,System8,System8_2,2025-01-18 17:12:25.500000+00:00,38.4384,True,4.5402366582803815
6b665cc1-0b93-4e46-bbe1-079a499ef2ac,System8,System8_1,2025-01-18 19:46:46+00:00,17.4222048,True,3.1268154680085676
9b4a0683-b50f-4cc0-abde-3a99c40b32d9,System6,System6_1,2025-01-19 00:45:19.375000+00:00,460.0596000000001,True,4.410763321251768
e0b4f124-191a-4827-9b31-0f1075636a0f,System6,System6_2,2025-01-19 00:45:28.375000+00:00,460.0596000000001,True,3.787916876824499
ec01bba6-159e-48eb-897f-067f493edf2a,System8,System8_1,2025-01-19 00:55:00+00:00,18.018,True,3.401964396474141
282a812f-1543-4c97-8834-febe88f32641,System4,System4_2,2025-01-19 13:48:23.625000+00:00,3.7093056,True,3.0629141773509936
d4d87feb-cbd8-4aea-a9c7-f6ddb322602e,System3,System3_2,2025-01-19 13:48:40.625000+00:00,29732.1024,True,3.154070584692158
2f0fc688-dc26-43dd-b88d-8ae3c8d93f78,System6,System6_2,2025-01-19 14:04:40.375000+00:00,460.0596000000001,True,3.787916876824499
f29f5fce-e073-4ffe-a21d-ac87cab72f36,System8,System8_1,2025-01-19 14:50:45+00:00,18.6234048,True,3.681551210882706
726fce47-4513-473f-a1df-8d0560f6dfec,System6,System6_1,2025-01-20 12:13:00.375000+00:00,383.1828,True,3.3752952142194306
3fc3458b-2e6b-495e-8fb0-2eafb9d9bd2a,System11,System11_1,2025-01-20 16:42:23.250000+00:00,120.6773568,True,3.9401610812706647
0d5f09b3-daaa-4327-b69d-6f39792eaa06,System8,System8_1,2025-01-23 15:04:55+00:00,22.227004800000003,True,5.345758439505124
b6cf5d2c-f4eb-40e2-8e37-319b00b960e5,System8,System8_4,2025-01-23 15:27:26.500000+00:00,10.8108,True,4.232166036001884
f9ab0127-c557-43e4-87b3-96e24d47a026,System1,System1_3,2025-01-24 02:00:45.625000+00:00,622.70208,True,3.3915573800790186
e9d23b88-18ec-4370-b911-ca66cc17c2ac,System1,System1_1,2025-01-24 02:04:04.625000+00:00,636.15552,True,3.2264807397886424
6d45d12f-578e-4693-8247-ea7dc347c671,System1,System1_1,2025-01-24 16:12:33.625000+00:00,629.4288,True,3.0683253218007107
4caf5967-9dca-48ce-8a6e-8f9f9056db90,System1,System1_3,2025-01-24 16:13:26.625000+00:00,605.4048,True,3.0480056651778127
bdd30c7c-b4e6-4bbe-9c0e-ee9c286f43cc,System1,System1_1,2025-01-24 18:49:56.625000+00:00,642.88224,True,3.384636157776574
b11e58a7-20a6-4bc4-a375-e63fc3e268f5,System1,System1_3,2025-01-24 18:53:41.625000+00:00,626.54592,True,3.46790220561262
071b8a2f-6ff7-47f7-b14b-d8b1e617a08d,System1,System1_1,2025-01-24 20:45:16.625000+00:00,641.92128,True,3.362042526635441
f0c40580-8f09-40a7-85e7-52089d93cce3,System1,System1_3,2025-01-24 20:50:53.625000+00:00,617.89728,True,3.296126348162017
b597ab8d-cb15-4572-b333-535a221afdeb,System1,System1_1,2025-01-24 23:19:24.625000+00:00,642.88224,True,3.384636157776574
15caaaeb-9193-4e82-8a44-44f5c55969c6,System1,System1_3,2025-01-24 23:22:49.625000+00:00,619.8192,True,3.3342987609288177
682c88e7-1af8-4d59-8055-a2d7b5c040e8,System13,System13_2,2025-01-25 14:26:55+00:00,28.8288,True,3.5363375882461248
27b70c98-02bf-41df-b40a-f4c627bcf8e4,System1,System1_1,2025-01-25 15:05:08.625000+00:00,634.2336,True,3.181293477506376
69e04f60-2cfd-4a33-acc2-42324c251e23,System1,System1_3,2025-01-25 15:05:45.625000+00:00,609.24864,True,3.124350490711414
288976d6-dafc-4081-942c-a7ae96b75814,System7,System7_1,2025-01-26 15:51:34+00:00,718.9230048000001,True,13.225102690089946
29f0bee6-1aab-4261-a8b5-1a9244b287b7,System11,System11_1,2025-01-27 13:09:15.250000+00:00,122.76264,True,4.042524622816058
ee43efe5-35ad-4e38-a512-246a07c23029,System6,System6_1,2025-01-27 20:50:36.375000+00:00,421.6212,True,3.8930292677355984
62933a48-c948-4f08-a462-9c234605f6b9,System8,System8_1,2025-01-27 21:49:21+00:00,17.4222048,True,3.1268154680085676
85df9030-ef3e-4224-b6f6-ff05cbfedadd,System6,System6_1,2025-01-28 18:50:17.375000+00:00,383.1828,True,3.3752952142194306
61651f95-3054-4258-af93-28915ff94264,System12,System12_4,2025-03-05 09:29:34.500000+00:00,28.8288,True,3.0225098277610543
93571514-6073-4450-8acd-9b9727cdd173,System6,System6_1,2025-03-08 15:05:26.375000+00:00,383.1828,True,3.3752952142194306
f5202639-ece2-42a5-92d4-7450e9e9e416,System6,System6_1,2025-03-08 17:13:47.375000+00:00,421.6212,True,3.8930292677355984
2dc90707-7ec0-47c7-a433-bc17a27818c8,System6,System6_2,2025-03-09 00:38:00.375000+00:00,421.6212,True,3.3139748934732842
726e1bdd-036b-4a7f-bbae-7739fddf26fc,System3,System3_2,2025-03-09 15:56:48.625000+00:00,29770.5408,True,3.5305966854206496
dce4e207-f815-4351-9459-468250bed35a,System4,System4_1,2025-03-11 13:35:10.625000+00:00,5.76576,True,5.695910005867486
e63268b9-842e-4b28-ab1b-e468e3d583e4,System4,System4_2,2025-03-11 13:35:10.625000+00:00,4.8816768,True,4.388970377047398
e0a9ff27-747c-4699-960e-f1a77a1c3af9,System6,System6_2,2025-03-12 13:06:25.375000+00:00,421.6212,True,3.3139748934732842
d790997b-daae-4f76-a367-a085005479a4,System6,System6_1,2025-03-12 15:10:56.375000+00:00,421.6212,True,3.8930292677355984
4d85c0d8-4788-4181-9c90-f63ea53f479e,System4,System4_1,2025-03-14 18:00:49.625000+00:00,3.84384,True,3.5312775277144013
86336a12-f442-4288-b55d-a8e0ab4cb589,System12,System12_4,2025-03-18 11:08:32.500000+00:00,28.8288,True,3.0225098277610543
b571b94f-1f38-4648-a56c-2a03a3e13a54,System12,System12_4,2025-03-18 23:31:54.500000+00:00,28.8288,True,3.0225098277610543
a3f77ce6-422e-453a-b405-6b936119060c,System11,System11_2,2025-03-19 14:29:02.250000+00:00,149.5061568,True,7.357698516381022
e1b0f7f1-214e-4ad3-bc44-fc72e6b7b385,System4,System4_1,2025-03-19 17:50:21.625000+00:00,5.76576,True,5.695910005867486
5f1bb832-033c-4f57-988f-6ba53b4d5550,System4,System4_2,2025-03-19 17:50:21.625000+00:00,5.4678624,True,5.0519984768956
d25dc9d6-cf88-43ee-a27b-b37051ee293b,System6,System6_2,2025-03-19 19:53:47.375000+00:00,421.6212,True,3.3139748934732842
3dcd24df-29c0-4654-b17c-87b0c4038844,System1,System1_1,2025-03-19 21:58:43.625000+00:00,655.37472,True,3.678353362611304
9f98a98a-66cc-4cfe-ac87-5f3511768b7e,System1,System1_1,2025-03-20 06:34:23.625000+00:00,643.8432,True,3.407229788917707
e3cbee25-e4ec-4fca-b553-ec38e82e1dc3,System1,System1_1,2025-03-20 14:48:56.875000+00:00,648.648,True,3.5201979446233724
a4d7e366-a160-4570-89fc-e10b03f06231,System1,System1_1,2025-03-20 17:12:11.875000+00:00,657.29664,True,3.72354062489357
345148d1-4d45-4a68-9e2e-81536650abe7,System1,System1_1,2025-03-22 00:54:11.875000+00:00,639.0384,True,3.2942616332120416
9a04c833-efef-4d6b-bb1d-32d0af59d980,System1,System1_1,2025-03-22 02:43:34.875000+00:00,635.19456,True,3.203887108647509
aa952ddc-c8ea-4d84-addd-9efd59d67540,System1,System1_1,2025-03-23 21:47:22.875000+00:00,663.0624,True,3.859102411740369
10350f0c-e899-4e9a-83cb-e3f452ab2e34,System1,System1_2,2025-03-23 21:51:13.875000+00:00,693.81312,True,3.1802629208106015
dbca905b-86ee-44e2-b8ff-00ebbe189cbf,System1,System1_1,2025-03-24 21:12:27.875000+00:00,650.56992,True,3.5653852069056384
5f9c7494-2658-4c6b-b320-f770d9bfdb40,System1,System1_1,2025-03-24 23:53:10.875000+00:00,656.33568,True,3.7009469937524373
fd4f72ba-6804-48b5-8895-056e364de564,System1,System1_2,2025-03-25 00:07:33.875000+00:00,689.96928,True,3.106645236093729
314987b6-b103-404d-ad94-8f4e300b3b44,System7,System7_1,2025-03-25 03:27:09.250000+00:00,660.0642048000001,True,15.255440940350725
5237b3c4-18bb-441a-8508-c3e088d04942,System8,System8_4,2025-03-29 00:57:29.750000+00:00,10.8108,True,4.232166036001884
2bbb84ec-3ba6-49cc-af56-22b5b9c096f5,System8,System8_2,2025-03-29 13:20:18.750000+00:00,31.836604800000003,True,3.286837311915535
d39d902f-0a61-47ac-bde8-d8552a1a1c0a,System6,System6_1,2025-04-01 20:09:15.625000+00:00,383.1828,True,3.3752952142194306
5eade872-e0d7-4999-8029-d43eee99b140,System1,System1_1,2025-04-01 23:00:19.875000+00:00,639.99936,True,3.316855264353175
aadafd16-27f5-4994-9217-532ce17bb9a3,System11,System11_1,2025-04-03 18:30:54.500000+00:00,131.89176,True,4.49065994294566
ad29e5d5-e2d9-4ae6-a986-2883e828a75e,System5,System5_1,2025-04-06 03:01:24.125000+00:00,24.024,True,4.417845718716979
ccf09ff2-7881-4d7d-9317-8c7fe94178a0,System1,System1_1,2025-04-06 06:32:59.875000+00:00,649.60896,True,3.5427915757645057
7e78f782-bbc1-4cde-8f15-7db8a5dac303,System1,System1_1,2025-04-06 16:21:44.875000+00:00,647.68704,True,3.497604313482239
c27df54e-8f1e-49fd-aa72-11da8fab879b,System1,System1_1,2025-04-06 18:39:12.875000+00:00,642.88224,True,3.384636157776574
3ebc7ae3-3e2d-49b8-89a5-65ae2af24b9a,System1,System1_1,2025-04-08 17:01:11.875000+00:00,648.648,True,3.5201979446233724
b906c00a-9fec-4dcf-a6c6-c6fd457bc691,System8,System8_1,2025-04-09 02:24:09.250000+00:00,17.4222048,True,3.1268154680085676
2198a751-2c5e-46bf-a6f5-9fdcff0387f3,System1,System1_1,2025-04-09 22:02:18.875000+00:00,659.21856,True,3.7687278871758365
e38ee947-b7fa-4b7a-a2cc-b50bc126d222,System1,System1_1,2025-04-10 00:24:49.875000+00:00,635.19456,True,3.203887108647509
a6f102bc-2271-4cc1-ba63-600475463b8d,System1,System1_1,2025-04-10 03:06:22.875000+00:00,626.54592,True,3.0005444283773115
6555584c-133b-4d5b-b694-3e5758dc5cab,System1,System1_1,2025-04-10 06:40:13.875000+00:00,656.33568,True,3.7009469937524373
67b940be-bc60-4dd5-a008-47f147e231a6,System6,System6_2,2025-04-10 06:42:01.625000+00:00,421.6212,True,3.3139748934732842
f15f1d4a-1eab-4305-be67-ff02d9a85dcd,System1,System1_1,2025-04-10 15:07:55.875000+00:00,655.37472,True,3.678353362611304
3c97601d-38ec-42f5-868e-953b21059bc5,System1,System1_1,2025-04-11 03:14:04.875000+00:00,631.35072,True,3.1135125840829767
921e68ca-d6ce-4b0d-ba4c-b669a3ae031b,System4,System4_1,2025-04-13 19:40:15.875000+00:00,4.8048,True,4.6135937667909435
db3ad718-100f-4963-83de-444ec8dd5ac1,System4,System4_2,2025-04-13 19:40:15.875000+00:00,4.0072032,True,3.3998628838312275
